{
    "version": "2023-08-31",
    "name": "llama-3-8b-instruct_100_400_summary",
    "model": "llama-3-8b-instruct",
    "mean_input_tokens": 100,
    "stddev_input_tokens": 2,
    "mean_output_tokens": 400,
    "stddev_output_tokens": 2,
    "num_concurrent_requests": 32,
    "results_inter_token_latency_s_quantiles_p25": 0.014072704538548132,
    "results_inter_token_latency_s_quantiles_p50": 0.029045669816592193,
    "results_inter_token_latency_s_quantiles_p75": 0.03503680167512517,
    "results_inter_token_latency_s_quantiles_p90": 0.039436263348923785,
    "results_inter_token_latency_s_quantiles_p95": 0.04192689156451071,
    "results_inter_token_latency_s_quantiles_p99": 0.340701806369998,
    "results_inter_token_latency_s_mean": 0.035170510250941756,
    "results_inter_token_latency_s_min": 0.01092876726710054,
    "results_inter_token_latency_s_max": 1.3032713809998313,
    "results_inter_token_latency_s_stddev": 0.08836373156383756,
    "results_ttft_s_quantiles_p25": 0.7855369687504208,
    "results_ttft_s_quantiles_p50": 1.3074584420000974,
    "results_ttft_s_quantiles_p75": 2.0674813219998214,
    "results_ttft_s_quantiles_p90": 2.83995210410003,
    "results_ttft_s_quantiles_p95": 3.1627868799998846,
    "results_ttft_s_quantiles_p99": 3.5682373582300353,
    "results_ttft_s_mean": 1.5459008571417188,
    "results_ttft_s_min": 0.4075647529998605,
    "results_ttft_s_max": 3.780220229999941,
    "results_ttft_s_stddev": 0.8397441291584111,
    "results_end_to_end_latency_s_quantiles_p25": 1.5570558355002504,
    "results_end_to_end_latency_s_quantiles_p50": 2.862869481999951,
    "results_end_to_end_latency_s_quantiles_p75": 5.386888014499846,
    "results_end_to_end_latency_s_quantiles_p90": 8.04466989320008,
    "results_end_to_end_latency_s_quantiles_p95": 12.155310315650372,
    "results_end_to_end_latency_s_quantiles_p99": 15.242483205879726,
    "results_end_to_end_latency_s_mean": 3.950862251224409,
    "results_end_to_end_latency_s_min": 0.412105564999365,
    "results_end_to_end_latency_s_max": 15.74416150200068,
    "results_end_to_end_latency_s_stddev": 3.3228438233369135,
    "results_request_output_throughput_token_per_s_quantiles_p25": 24.577809308247357,
    "results_request_output_throughput_token_per_s_quantiles_p50": 28.529926344335074,
    "results_request_output_throughput_token_per_s_quantiles_p75": 61.53620305271739,
    "results_request_output_throughput_token_per_s_quantiles_p90": 64.91706302419549,
    "results_request_output_throughput_token_per_s_quantiles_p95": 66.75034696804423,
    "results_request_output_throughput_token_per_s_quantiles_p99": 68.86270767216735,
    "results_request_output_throughput_token_per_s_mean": 42.3063089307924,
    "results_request_output_throughput_token_per_s_min": 1.1509059618301973,
    "results_request_output_throughput_token_per_s_max": 70.56910074576432,
    "results_request_output_throughput_token_per_s_stddev": 19.477018730650514,
    "results_number_input_tokens_quantiles_p25": 98.0,
    "results_number_input_tokens_quantiles_p50": 99.0,
    "results_number_input_tokens_quantiles_p75": 101.0,
    "results_number_input_tokens_quantiles_p90": 102.0,
    "results_number_input_tokens_quantiles_p95": 103.0,
    "results_number_input_tokens_quantiles_p99": 104.0,
    "results_number_input_tokens_mean": 99.46259842519684,
    "results_number_input_tokens_min": 94,
    "results_number_input_tokens_max": 106,
    "results_number_input_tokens_stddev": 2.0469293739863725,
    "results_number_output_tokens_quantiles_p25": 83.0,
    "results_number_output_tokens_quantiles_p50": 114.0,
    "results_number_output_tokens_quantiles_p75": 207.5,
    "results_number_output_tokens_quantiles_p90": 371.8000000000002,
    "results_number_output_tokens_quantiles_p95": 494.65,
    "results_number_output_tokens_quantiles_p99": 512.0,
    "results_number_output_tokens_mean": 163.2795275590551,
    "results_number_output_tokens_min": 2,
    "results_number_output_tokens_max": 518,
    "results_number_output_tokens_stddev": 123.80432728228745,
    "results_num_requests_started": 512,
    "results_error_rate": 0.0078125,
    "results_number_errors": 4,
    "results_error_code_frequency": "{400.0: 4}",
    "results_mean_output_throughput_token_per_s": 320.97398530330304,
    "results_num_completed_requests": 508,
    "results_num_completed_requests_per_min": 117.94766561431145,
    "timestamp": 1713954736
}