{
    "version": "2023-08-31",
    "name": "Mistral-large-lzcal_300_1700_summary",
    "model": "Mistral-large-lzcal",
    "mean_input_tokens": 300,
    "stddev_input_tokens": 2,
    "mean_output_tokens": 1700,
    "stddev_output_tokens": 2,
    "num_concurrent_requests": 1000,
    "results_inter_token_latency_s_quantiles_p25": 0.0410687211768882,
    "results_inter_token_latency_s_quantiles_p50": 0.042291119752639085,
    "results_inter_token_latency_s_quantiles_p75": 0.043795178079851824,
    "results_inter_token_latency_s_quantiles_p90": 0.045919888003262674,
    "results_inter_token_latency_s_quantiles_p95": 0.04804638490553064,
    "results_inter_token_latency_s_quantiles_p99": 0.07609132139080597,
    "results_inter_token_latency_s_mean": 0.046281643387313984,
    "results_inter_token_latency_s_min": 0.03444658623053962,
    "results_inter_token_latency_s_max": 0.9163158459996339,
    "results_inter_token_latency_s_stddev": 0.050224323652646424,
    "results_ttft_s_quantiles_p25": 2.194133595000494,
    "results_ttft_s_quantiles_p50": 2.3327662280007644,
    "results_ttft_s_quantiles_p75": 2.5181977480006026,
    "results_ttft_s_quantiles_p90": 2.773534022999229,
    "results_ttft_s_quantiles_p95": 2.9643589335000797,
    "results_ttft_s_quantiles_p99": 3.5443104810998194,
    "results_ttft_s_mean": 2.424884322136121,
    "results_ttft_s_min": 1.3524232279996795,
    "results_ttft_s_max": 23.03652993799915,
    "results_ttft_s_stddev": 0.8068258877409554,
    "results_end_to_end_latency_s_quantiles_p25": 12.434877914499339,
    "results_end_to_end_latency_s_quantiles_p50": 19.681254656999954,
    "results_end_to_end_latency_s_quantiles_p75": 33.5660133500005,
    "results_end_to_end_latency_s_quantiles_p90": 66.91934488000152,
    "results_end_to_end_latency_s_quantiles_p95": 71.06876598899908,
    "results_end_to_end_latency_s_quantiles_p99": 73.61244312470008,
    "results_end_to_end_latency_s_mean": 27.00942567384368,
    "results_end_to_end_latency_s_min": 2.2704142940001475,
    "results_end_to_end_latency_s_max": 75.37682109900015,
    "results_end_to_end_latency_s_stddev": 19.049289647602194,
    "results_request_output_throughput_token_per_s_quantiles_p25": 22.120090822294387,
    "results_request_output_throughput_token_per_s_quantiles_p50": 22.922517644685737,
    "results_request_output_throughput_token_per_s_quantiles_p75": 23.62815823715964,
    "results_request_output_throughput_token_per_s_quantiles_p90": 24.423029119216935,
    "results_request_output_throughput_token_per_s_quantiles_p95": 25.024542585954258,
    "results_request_output_throughput_token_per_s_quantiles_p99": 25.824504618015336,
    "results_request_output_throughput_token_per_s_mean": 22.621144617666324,
    "results_request_output_throughput_token_per_s_min": 1.0912869809716463,
    "results_request_output_throughput_token_per_s_max": 26.429279601232672,
    "results_request_output_throughput_token_per_s_stddev": 2.292610714091754,
    "results_number_input_tokens_quantiles_p25": 298.0,
    "results_number_input_tokens_quantiles_p50": 300.0,
    "results_number_input_tokens_quantiles_p75": 301.0,
    "results_number_input_tokens_quantiles_p90": 302.0,
    "results_number_input_tokens_quantiles_p95": 303.0,
    "results_number_input_tokens_quantiles_p99": 304.0,
    "results_number_input_tokens_mean": 299.55119558553037,
    "results_number_input_tokens_min": 293,
    "results_number_input_tokens_max": 307,
    "results_number_input_tokens_stddev": 2.0609538515666097,
    "results_number_output_tokens_quantiles_p25": 282.5,
    "results_number_output_tokens_quantiles_p50": 454.0,
    "results_number_output_tokens_quantiles_p75": 792.0,
    "results_number_output_tokens_quantiles_p90": 1716.0,
    "results_number_output_tokens_quantiles_p95": 1745.0,
    "results_number_output_tokens_quantiles_p99": 1763.0,
    "results_number_output_tokens_mean": 640.4187614960147,
    "results_number_output_tokens_min": 3,
    "results_number_output_tokens_max": 1828,
    "results_number_output_tokens_stddev": 478.4600854466144,
    "results_num_requests_started": 2078,
    "results_error_rate": 0.2151106833493744,
    "results_number_errors": 447,
    "results_error_code_frequency": "{429.0: 447}",
    "results_mean_output_throughput_token_per_s": 1739.83737000567,
    "results_num_completed_requests": 1631,
    "results_num_completed_requests_per_min": 163.0030980923875,
    "timestamp": 1710767536
}