{
    "version": "2023-08-31",
    "name": "Mistral-large-lzcal_400_1600_summary",
    "model": "Mistral-large-lzcal",
    "mean_input_tokens": 400,
    "stddev_input_tokens": 2,
    "mean_output_tokens": 1600,
    "stddev_output_tokens": 2,
    "num_concurrent_requests": 100,
    "results_inter_token_latency_s_quantiles_p25": 0.0387521242130213,
    "results_inter_token_latency_s_quantiles_p50": 0.03962549485062076,
    "results_inter_token_latency_s_quantiles_p75": 0.04050681902421503,
    "results_inter_token_latency_s_quantiles_p90": 0.04143799419284109,
    "results_inter_token_latency_s_quantiles_p95": 0.04211154038158655,
    "results_inter_token_latency_s_quantiles_p99": 0.04703868066346961,
    "results_inter_token_latency_s_mean": 0.0433868670472352,
    "results_inter_token_latency_s_min": 0.0361663540953565,
    "results_inter_token_latency_s_max": 0.8522456053336404,
    "results_inter_token_latency_s_stddev": 0.050970509387770105,
    "results_ttft_s_quantiles_p25": 2.125913346500056,
    "results_ttft_s_quantiles_p50": 2.2641517730007763,
    "results_ttft_s_quantiles_p75": 2.3799306795008306,
    "results_ttft_s_quantiles_p90": 2.502221942498909,
    "results_ttft_s_quantiles_p95": 2.565166690850583,
    "results_ttft_s_quantiles_p99": 2.753783519930548,
    "results_ttft_s_mean": 2.25933123545376,
    "results_ttft_s_min": 1.4746180219990492,
    "results_ttft_s_max": 3.2142692920006084,
    "results_ttft_s_stddev": 0.19407868602380068,
    "results_end_to_end_latency_s_quantiles_p25": 14.651593848000175,
    "results_end_to_end_latency_s_quantiles_p50": 19.695381725500738,
    "results_end_to_end_latency_s_quantiles_p75": 30.64955609349954,
    "results_end_to_end_latency_s_quantiles_p90": 59.358327584298614,
    "results_end_to_end_latency_s_quantiles_p95": 62.29626251430145,
    "results_end_to_end_latency_s_quantiles_p99": 63.34178116328083,
    "results_end_to_end_latency_s_mean": 25.6948414312362,
    "results_end_to_end_latency_s_min": 2.107439591000002,
    "results_end_to_end_latency_s_max": 64.83376265699917,
    "results_end_to_end_latency_s_stddev": 15.188033078794442,
    "results_request_output_throughput_token_per_s_quantiles_p25": 23.95644173140948,
    "results_request_output_throughput_token_per_s_quantiles_p50": 24.444456763738305,
    "results_request_output_throughput_token_per_s_quantiles_p75": 24.94890043982025,
    "results_request_output_throughput_token_per_s_quantiles_p90": 25.542781594838385,
    "results_request_output_throughput_token_per_s_quantiles_p95": 25.785834605957056,
    "results_request_output_throughput_token_per_s_quantiles_p99": 26.220007137607837,
    "results_request_output_throughput_token_per_s_mean": 24.3072955499479,
    "results_request_output_throughput_token_per_s_min": 1.1733070221366566,
    "results_request_output_throughput_token_per_s_max": 26.732028648648004,
    "results_request_output_throughput_token_per_s_stddev": 1.9246640042070524,
    "results_number_input_tokens_quantiles_p25": 398.0,
    "results_number_input_tokens_quantiles_p50": 400.0,
    "results_number_input_tokens_quantiles_p75": 401.0,
    "results_number_input_tokens_quantiles_p90": 402.0,
    "results_number_input_tokens_quantiles_p95": 403.0,
    "results_number_input_tokens_quantiles_p99": 404.0,
    "results_number_input_tokens_mean": 399.5175,
    "results_number_input_tokens_min": 393,
    "results_number_input_tokens_max": 405,
    "results_number_input_tokens_stddev": 2.057300258942361,
    "results_number_output_tokens_quantiles_p25": 360.0,
    "results_number_output_tokens_quantiles_p50": 488.0,
    "results_number_output_tokens_quantiles_p75": 780.5,
    "results_number_output_tokens_quantiles_p90": 1540.400000000001,
    "results_number_output_tokens_quantiles_p95": 1642.0,
    "results_number_output_tokens_quantiles_p99": 1657.02,
    "results_number_output_tokens_mean": 653.095,
    "results_number_output_tokens_min": 3,
    "results_number_output_tokens_max": 1685,
    "results_number_output_tokens_stddev": 407.6101090211334,
    "results_num_requests_started": 800,
    "results_error_rate": 0.0,
    "results_number_errors": 0,
    "results_error_code_frequency": "{}",
    "results_mean_output_throughput_token_per_s": 829.5413149694622,
    "results_num_completed_requests": 800,
    "results_num_completed_requests_per_min": 76.21016681825421,
    "timestamp": 1710753495
}