{
    "version": "2023-08-31",
    "name": "Mistral-large-lzcal_100_1900_summary",
    "model": "Mistral-large-lzcal",
    "mean_input_tokens": 100,
    "stddev_input_tokens": 2,
    "mean_output_tokens": 1900,
    "stddev_output_tokens": 2,
    "num_concurrent_requests": 1000,
    "results_inter_token_latency_s_quantiles_p25": 0.039917576285687616,
    "results_inter_token_latency_s_quantiles_p50": 0.04128498814238091,
    "results_inter_token_latency_s_quantiles_p75": 0.04336902678206194,
    "results_inter_token_latency_s_quantiles_p90": 0.04624416177386833,
    "results_inter_token_latency_s_quantiles_p95": 0.048164754786670094,
    "results_inter_token_latency_s_quantiles_p99": 0.053297507554059674,
    "results_inter_token_latency_s_mean": 0.04294957445754203,
    "results_inter_token_latency_s_min": 0.03625755297924934,
    "results_inter_token_latency_s_max": 0.7044919853330308,
    "results_inter_token_latency_s_stddev": 0.0239865734056189,
    "results_ttft_s_quantiles_p25": 2.1709306052498505,
    "results_ttft_s_quantiles_p50": 2.292599272001098,
    "results_ttft_s_quantiles_p75": 2.4310523332496814,
    "results_ttft_s_quantiles_p90": 2.5671448362007143,
    "results_ttft_s_quantiles_p95": 2.6579192105497893,
    "results_ttft_s_quantiles_p99": 3.0192460748885424,
    "results_ttft_s_mean": 2.3112261691307876,
    "results_ttft_s_min": 1.8419463070003985,
    "results_ttft_s_max": 4.036066929000299,
    "results_ttft_s_stddev": 0.2309935777665016,
    "results_end_to_end_latency_s_quantiles_p25": 8.875411240749145,
    "results_end_to_end_latency_s_quantiles_p50": 21.349121492999984,
    "results_end_to_end_latency_s_quantiles_p75": 70.51827725049907,
    "results_end_to_end_latency_s_quantiles_p90": 78.18170797549992,
    "results_end_to_end_latency_s_quantiles_p95": 78.90696383415025,
    "results_end_to_end_latency_s_quantiles_p99": 80.24441026577051,
    "results_end_to_end_latency_s_mean": 32.87681708537047,
    "results_end_to_end_latency_s_min": 2.060946261999561,
    "results_end_to_end_latency_s_max": 80.88928471600047,
    "results_end_to_end_latency_s_stddev": 28.437217929719875,
    "results_request_output_throughput_token_per_s_quantiles_p25": 22.15897781292289,
    "results_request_output_throughput_token_per_s_quantiles_p50": 23.47662587748519,
    "results_request_output_throughput_token_per_s_quantiles_p75": 24.308477675730597,
    "results_request_output_throughput_token_per_s_quantiles_p90": 24.795667302724375,
    "results_request_output_throughput_token_per_s_quantiles_p95": 25.063493229448447,
    "results_request_output_throughput_token_per_s_quantiles_p99": 25.580415509717476,
    "results_request_output_throughput_token_per_s_mean": 23.03007922535872,
    "results_request_output_throughput_token_per_s_min": 1.4193802990347701,
    "results_request_output_throughput_token_per_s_max": 26.148479304779524,
    "results_request_output_throughput_token_per_s_stddev": 1.8928372339865769,
    "results_number_input_tokens_quantiles_p25": 98.0,
    "results_number_input_tokens_quantiles_p50": 100.0,
    "results_number_input_tokens_quantiles_p75": 101.0,
    "results_number_input_tokens_quantiles_p90": 102.0,
    "results_number_input_tokens_quantiles_p95": 103.0,
    "results_number_input_tokens_quantiles_p99": 104.0,
    "results_number_input_tokens_mean": 99.49471598414796,
    "results_number_input_tokens_min": 93,
    "results_number_input_tokens_max": 106,
    "results_number_input_tokens_stddev": 1.9691033398233853,
    "results_number_output_tokens_quantiles_p25": 206.0,
    "results_number_output_tokens_quantiles_p50": 511.5,
    "results_number_output_tokens_quantiles_p75": 1785.0,
    "results_number_output_tokens_quantiles_p90": 1955.0,
    "results_number_output_tokens_quantiles_p95": 1968.0,
    "results_number_output_tokens_quantiles_p99": 1999.0,
    "results_number_output_tokens_mean": 810.6321003963012,
    "results_number_output_tokens_min": 3,
    "results_number_output_tokens_max": 2080,
    "results_number_output_tokens_stddev": 720.8936988921414,
    "results_num_requests_started": 2000,
    "results_error_rate": 0.243,
    "results_number_errors": 486,
    "results_error_code_frequency": "{429.0: 479, 424.0: 7}",
    "results_mean_output_throughput_token_per_s": 2006.1362800028023,
    "results_num_completed_requests": 1514,
    "results_num_completed_requests_per_min": 148.48681262600218,
    "timestamp": 1710766405
}