{
    "version": "2023-08-31",
    "name": "Mistral-large-lzcal_400_1600_summary",
    "model": "Mistral-large-lzcal",
    "mean_input_tokens": 400,
    "stddev_input_tokens": 2,
    "mean_output_tokens": 1600,
    "stddev_output_tokens": 2,
    "num_concurrent_requests": 1000,
    "results_inter_token_latency_s_quantiles_p25": 0.04004350282453224,
    "results_inter_token_latency_s_quantiles_p50": 0.04125187978493819,
    "results_inter_token_latency_s_quantiles_p75": 0.042732398998679345,
    "results_inter_token_latency_s_quantiles_p90": 0.04412302751921143,
    "results_inter_token_latency_s_quantiles_p95": 0.045055548289998776,
    "results_inter_token_latency_s_quantiles_p99": 0.049355194119858475,
    "results_inter_token_latency_s_mean": 0.044719555577847396,
    "results_inter_token_latency_s_min": 0.03591480096113157,
    "results_inter_token_latency_s_max": 0.8876011806666307,
    "results_inter_token_latency_s_stddev": 0.049315858996883226,
    "results_ttft_s_quantiles_p25": 2.18491018550003,
    "results_ttft_s_quantiles_p50": 2.309320306000245,
    "results_ttft_s_quantiles_p75": 2.44934324750011,
    "results_ttft_s_quantiles_p90": 2.5988945093999063,
    "results_ttft_s_quantiles_p95": 2.7087710799999964,
    "results_ttft_s_quantiles_p99": 3.019809770239852,
    "results_ttft_s_mean": 2.335812486676991,
    "results_ttft_s_min": 1.409531139000137,
    "results_ttft_s_max": 6.535393780999584,
    "results_ttft_s_stddev": 0.2693139959504855,
    "results_end_to_end_latency_s_quantiles_p25": 15.135307426499821,
    "results_end_to_end_latency_s_quantiles_p50": 20.010880943000302,
    "results_end_to_end_latency_s_quantiles_p75": 32.96947274650006,
    "results_end_to_end_latency_s_quantiles_p90": 60.4292070318001,
    "results_end_to_end_latency_s_quantiles_p95": 64.5493310680999,
    "results_end_to_end_latency_s_quantiles_p99": 67.12717077751988,
    "results_end_to_end_latency_s_mean": 26.758053445860337,
    "results_end_to_end_latency_s_min": 2.0743670500000917,
    "results_end_to_end_latency_s_max": 69.39466381600005,
    "results_end_to_end_latency_s_stddev": 16.019666875423283,
    "results_request_output_throughput_token_per_s_quantiles_p25": 22.703796029957793,
    "results_request_output_throughput_token_per_s_quantiles_p50": 23.497391468000462,
    "results_request_output_throughput_token_per_s_quantiles_p75": 24.233385216689783,
    "results_request_output_throughput_token_per_s_quantiles_p90": 24.875650763189398,
    "results_request_output_throughput_token_per_s_quantiles_p95": 25.296905353547043,
    "results_request_output_throughput_token_per_s_quantiles_p99": 25.8195484826532,
    "results_request_output_throughput_token_per_s_mean": 23.34507131132008,
    "results_request_output_throughput_token_per_s_min": 1.1265905326248395,
    "results_request_output_throughput_token_per_s_max": 26.531187408771046,
    "results_request_output_throughput_token_per_s_stddev": 1.9197277001850406,
    "results_number_input_tokens_quantiles_p25": 398.0,
    "results_number_input_tokens_quantiles_p50": 399.0,
    "results_number_input_tokens_quantiles_p75": 401.0,
    "results_number_input_tokens_quantiles_p90": 402.0,
    "results_number_input_tokens_quantiles_p95": 403.0,
    "results_number_input_tokens_quantiles_p99": 404.0,
    "results_number_input_tokens_mean": 399.43351548269584,
    "results_number_input_tokens_min": 392,
    "results_number_input_tokens_max": 406,
    "results_number_input_tokens_stddev": 2.0230251077249863,
    "results_number_output_tokens_quantiles_p25": 357.0,
    "results_number_output_tokens_quantiles_p50": 479.0,
    "results_number_output_tokens_quantiles_p75": 808.0,
    "results_number_output_tokens_quantiles_p90": 1538.8000000000002,
    "results_number_output_tokens_quantiles_p95": 1640.6999999999998,
    "results_number_output_tokens_quantiles_p99": 1660.0,
    "results_number_output_tokens_mean": 652.3612629022465,
    "results_number_output_tokens_min": 3,
    "results_number_output_tokens_max": 1705,
    "results_number_output_tokens_stddev": 412.3099231045815,
    "results_num_requests_started": 2146,
    "results_error_rate": 0.23252562907735322,
    "results_number_errors": 499,
    "results_error_code_frequency": "{429.0: 499}",
    "results_mean_output_throughput_token_per_s": 1788.6924464622405,
    "results_num_completed_requests": 1647,
    "results_num_completed_requests_per_min": 164.51244561989893,
    "timestamp": 1710758840
}