{
    "version": "2023-08-31",
    "name": "Mistral-large-lzcal_400_1600_summary",
    "model": "Mistral-large-lzcal",
    "mean_input_tokens": 400,
    "stddev_input_tokens": 2,
    "mean_output_tokens": 1600,
    "stddev_output_tokens": 2,
    "num_concurrent_requests": 1000,
    "results_inter_token_latency_s_quantiles_p25": 0.039963339966541826,
    "results_inter_token_latency_s_quantiles_p50": 0.04112578342449425,
    "results_inter_token_latency_s_quantiles_p75": 0.04249500215529022,
    "results_inter_token_latency_s_quantiles_p90": 0.0436918233727851,
    "results_inter_token_latency_s_quantiles_p95": 0.044786254764608506,
    "results_inter_token_latency_s_quantiles_p99": 0.05452008179378826,
    "results_inter_token_latency_s_mean": 0.04290804079759219,
    "results_inter_token_latency_s_min": 0.03674435447528629,
    "results_inter_token_latency_s_max": 0.7955741570000706,
    "results_inter_token_latency_s_stddev": 0.03185707160435001,
    "results_ttft_s_quantiles_p25": 2.180668745000048,
    "results_ttft_s_quantiles_p50": 2.3056025160001354,
    "results_ttft_s_quantiles_p75": 2.4357961119999345,
    "results_ttft_s_quantiles_p90": 2.5744720049999614,
    "results_ttft_s_quantiles_p95": 2.659686699999952,
    "results_ttft_s_quantiles_p99": 3.2986772558000697,
    "results_ttft_s_mean": 2.3375405158543967,
    "results_ttft_s_min": 1.3970291559999168,
    "results_ttft_s_max": 10.963298395000038,
    "results_ttft_s_stddev": 0.40440885159993095,
    "results_end_to_end_latency_s_quantiles_p25": 15.072513078499924,
    "results_end_to_end_latency_s_quantiles_p50": 20.46032365799988,
    "results_end_to_end_latency_s_quantiles_p75": 32.50560398050004,
    "results_end_to_end_latency_s_quantiles_p90": 61.135141919000034,
    "results_end_to_end_latency_s_quantiles_p95": 65.163823557,
    "results_end_to_end_latency_s_quantiles_p99": 67.6273005428,
    "results_end_to_end_latency_s_mean": 27.051716970722715,
    "results_end_to_end_latency_s_min": 2.0599678220000897,
    "results_end_to_end_latency_s_max": 69.02337595199992,
    "results_end_to_end_latency_s_stddev": 16.26034398169209,
    "results_request_output_throughput_token_per_s_quantiles_p25": 22.816217556833692,
    "results_request_output_throughput_token_per_s_quantiles_p50": 23.56653729767836,
    "results_request_output_throughput_token_per_s_quantiles_p75": 24.267945600197375,
    "results_request_output_throughput_token_per_s_quantiles_p90": 24.81300313409943,
    "results_request_output_throughput_token_per_s_quantiles_p95": 25.150461318350956,
    "results_request_output_throughput_token_per_s_quantiles_p99": 25.975979470424832,
    "results_request_output_throughput_token_per_s_mean": 23.409512741822148,
    "results_request_output_throughput_token_per_s_min": 1.2568880781725111,
    "results_request_output_throughput_token_per_s_max": 26.494618891070417,
    "results_request_output_throughput_token_per_s_stddev": 1.6936868112119803,
    "results_number_input_tokens_quantiles_p25": 398.0,
    "results_number_input_tokens_quantiles_p50": 399.0,
    "results_number_input_tokens_quantiles_p75": 401.0,
    "results_number_input_tokens_quantiles_p90": 402.0,
    "results_number_input_tokens_quantiles_p95": 403.0,
    "results_number_input_tokens_quantiles_p99": 404.0,
    "results_number_input_tokens_mean": 399.488418266049,
    "results_number_input_tokens_min": 393,
    "results_number_input_tokens_max": 406,
    "results_number_input_tokens_stddev": 2.0308135125980713,
    "results_number_output_tokens_quantiles_p25": 354.0,
    "results_number_output_tokens_quantiles_p50": 484.0,
    "results_number_output_tokens_quantiles_p75": 789.0,
    "results_number_output_tokens_quantiles_p90": 1585.0,
    "results_number_output_tokens_quantiles_p95": 1640.0,
    "results_number_output_tokens_quantiles_p99": 1655.0,
    "results_number_output_tokens_mean": 659.3990734612839,
    "results_number_output_tokens_min": 3,
    "results_number_output_tokens_max": 1692,
    "results_number_output_tokens_stddev": 416.6265089017628,
    "results_num_requests_started": 2041,
    "results_error_rate": 0.2596766291033807,
    "results_number_errors": 530,
    "results_error_code_frequency": "{429.0: 530}",
    "results_mean_output_throughput_token_per_s": 1657.745024193174,
    "results_num_completed_requests": 1511,
    "results_num_completed_requests_per_min": 150.8414334425516,
    "timestamp": 1710757386
}