{
    "version": "2023-08-31",
    "name": "Mistral-large-lzcal_400_1600_summary",
    "model": "Mistral-large-lzcal",
    "mean_input_tokens": 400,
    "stddev_input_tokens": 2,
    "mean_output_tokens": 1600,
    "stddev_output_tokens": 2,
    "num_concurrent_requests": 1000,
    "results_inter_token_latency_s_quantiles_p25": 0.04026277976477882,
    "results_inter_token_latency_s_quantiles_p50": 0.04162135710797214,
    "results_inter_token_latency_s_quantiles_p75": 0.043099143554551134,
    "results_inter_token_latency_s_quantiles_p90": 0.04458625846813467,
    "results_inter_token_latency_s_quantiles_p95": 0.0459535773998607,
    "results_inter_token_latency_s_quantiles_p99": 0.04843038854932491,
    "results_inter_token_latency_s_mean": 0.04414133340387292,
    "results_inter_token_latency_s_min": 0.036764200291501584,
    "results_inter_token_latency_s_max": 0.9044307876666835,
    "results_inter_token_latency_s_stddev": 0.04220047557202149,
    "results_ttft_s_quantiles_p25": 2.183552283499978,
    "results_ttft_s_quantiles_p50": 2.3337607305000176,
    "results_ttft_s_quantiles_p75": 2.47527408699996,
    "results_ttft_s_quantiles_p90": 2.641343278999989,
    "results_ttft_s_quantiles_p95": 2.769477444350002,
    "results_ttft_s_quantiles_p99": 3.03174736557,
    "results_ttft_s_mean": 2.349616061903307,
    "results_ttft_s_min": 1.3599107969999977,
    "results_ttft_s_max": 3.8163245219999453,
    "results_ttft_s_stddev": 0.24228112457342316,
    "results_end_to_end_latency_s_quantiles_p25": 15.415579817749972,
    "results_end_to_end_latency_s_quantiles_p50": 20.90045583349996,
    "results_end_to_end_latency_s_quantiles_p75": 33.552107040500005,
    "results_end_to_end_latency_s_quantiles_p90": 59.91557082070001,
    "results_end_to_end_latency_s_quantiles_p95": 64.8727088822,
    "results_end_to_end_latency_s_quantiles_p99": 67.99995461339003,
    "results_end_to_end_latency_s_mean": 27.28160593020809,
    "results_end_to_end_latency_s_min": 2.1123028370000156,
    "results_end_to_end_latency_s_max": 69.14925302299997,
    "results_end_to_end_latency_s_stddev": 16.028347962882485,
    "results_request_output_throughput_token_per_s_quantiles_p25": 22.557768333182793,
    "results_request_output_throughput_token_per_s_quantiles_p50": 23.288408772116952,
    "results_request_output_throughput_token_per_s_quantiles_p75": 24.09406143998724,
    "results_request_output_throughput_token_per_s_quantiles_p90": 24.75684745270283,
    "results_request_output_throughput_token_per_s_quantiles_p95": 25.06280917208262,
    "results_request_output_throughput_token_per_s_quantiles_p99": 25.623625731200026,
    "results_request_output_throughput_token_per_s_mean": 23.200164336217792,
    "results_request_output_throughput_token_per_s_min": 1.105626931267658,
    "results_request_output_throughput_token_per_s_max": 26.42835668293355,
    "results_request_output_throughput_token_per_s_stddev": 1.7239636764819686,
    "results_number_input_tokens_quantiles_p25": 398.0,
    "results_number_input_tokens_quantiles_p50": 400.0,
    "results_number_input_tokens_quantiles_p75": 401.0,
    "results_number_input_tokens_quantiles_p90": 402.0,
    "results_number_input_tokens_quantiles_p95": 403.0,
    "results_number_input_tokens_quantiles_p99": 404.0,
    "results_number_input_tokens_mean": 399.5391676866585,
    "results_number_input_tokens_min": 392,
    "results_number_input_tokens_max": 406,
    "results_number_input_tokens_stddev": 2.0877846206447686,
    "results_number_output_tokens_quantiles_p25": 355.0,
    "results_number_output_tokens_quantiles_p50": 491.0,
    "results_number_output_tokens_quantiles_p75": 817.5,
    "results_number_output_tokens_quantiles_p90": 1463.2000000000007,
    "results_number_output_tokens_quantiles_p95": 1640.35,
    "results_number_output_tokens_quantiles_p99": 1663.0,
    "results_number_output_tokens_mean": 659.4920440636475,
    "results_number_output_tokens_min": 3,
    "results_number_output_tokens_max": 1683,
    "results_number_output_tokens_stddev": 409.2354366606645,
    "results_num_requests_started": 2105,
    "results_error_rate": 0.22375296912114015,
    "results_number_errors": 471,
    "results_error_code_frequency": "{429.0: 470, 500.0: 1}",
    "results_mean_output_throughput_token_per_s": 1793.2559117771898,
    "results_num_completed_requests": 1634,
    "results_num_completed_requests_per_min": 163.14882897396618,
    "timestamp": 1710756569
}