{
    "version": "2023-08-31",
    "name": "Mistral-large-lzcal_200_1800_summary",
    "model": "Mistral-large-lzcal",
    "mean_input_tokens": 200,
    "stddev_input_tokens": 2,
    "mean_output_tokens": 1800,
    "stddev_output_tokens": 2,
    "num_concurrent_requests": 1000,
    "results_inter_token_latency_s_quantiles_p25": 0.03994021590706277,
    "results_inter_token_latency_s_quantiles_p50": 0.041377294054927766,
    "results_inter_token_latency_s_quantiles_p75": 0.04311140816591758,
    "results_inter_token_latency_s_quantiles_p90": 0.045131933352665625,
    "results_inter_token_latency_s_quantiles_p95": 0.04664100204436547,
    "results_inter_token_latency_s_quantiles_p99": 0.05886831228321409,
    "results_inter_token_latency_s_mean": 0.04421337364048921,
    "results_inter_token_latency_s_min": 0.03575598920115075,
    "results_inter_token_latency_s_max": 0.9039124840001023,
    "results_inter_token_latency_s_stddev": 0.041187760247229345,
    "results_ttft_s_quantiles_p25": 2.181767726000089,
    "results_ttft_s_quantiles_p50": 2.3160864169994966,
    "results_ttft_s_quantiles_p75": 2.4569111982500544,
    "results_ttft_s_quantiles_p90": 2.5994822761009346,
    "results_ttft_s_quantiles_p95": 2.7389720213504005,
    "results_ttft_s_quantiles_p99": 3.3077744045303716,
    "results_ttft_s_mean": 2.339046627660977,
    "results_ttft_s_min": 1.6842308070008585,
    "results_ttft_s_max": 4.176866831998268,
    "results_ttft_s_stddev": 0.24907700195443344,
    "results_end_to_end_latency_s_quantiles_p25": 12.20586412900002,
    "results_end_to_end_latency_s_quantiles_p50": 22.04665209150062,
    "results_end_to_end_latency_s_quantiles_p75": 44.381356081500144,
    "results_end_to_end_latency_s_quantiles_p90": 72.93959675679889,
    "results_end_to_end_latency_s_quantiles_p95": 74.57489750994964,
    "results_end_to_end_latency_s_quantiles_p99": 76.9857888821107,
    "results_end_to_end_latency_s_mean": 31.211674651790805,
    "results_end_to_end_latency_s_min": 2.1613801709991094,
    "results_end_to_end_latency_s_max": 91.02612521800074,
    "results_end_to_end_latency_s_stddev": 23.555853835863104,
    "results_request_output_throughput_token_per_s_quantiles_p25": 22.417151555317172,
    "results_request_output_throughput_token_per_s_quantiles_p50": 23.387418638116106,
    "results_request_output_throughput_token_per_s_quantiles_p75": 24.262828949405257,
    "results_request_output_throughput_token_per_s_quantiles_p90": 24.912885898397498,
    "results_request_output_throughput_token_per_s_quantiles_p95": 25.16776776484528,
    "results_request_output_throughput_token_per_s_quantiles_p99": 25.715877489534623,
    "results_request_output_throughput_token_per_s_mean": 23.124158689914715,
    "results_request_output_throughput_token_per_s_min": 1.106264137709929,
    "results_request_output_throughput_token_per_s_max": 26.50037376803651,
    "results_request_output_throughput_token_per_s_stddev": 2.0117865347412534,
    "results_number_input_tokens_quantiles_p25": 198.0,
    "results_number_input_tokens_quantiles_p50": 200.0,
    "results_number_input_tokens_quantiles_p75": 201.0,
    "results_number_input_tokens_quantiles_p90": 202.0,
    "results_number_input_tokens_quantiles_p95": 203.0,
    "results_number_input_tokens_quantiles_p99": 204.0,
    "results_number_input_tokens_mean": 199.52378048780488,
    "results_number_input_tokens_min": 193,
    "results_number_input_tokens_max": 207,
    "results_number_input_tokens_stddev": 2.030438382468272,
    "results_number_output_tokens_quantiles_p25": 286.0,
    "results_number_output_tokens_quantiles_p50": 522.0,
    "results_number_output_tokens_quantiles_p75": 1062.25,
    "results_number_output_tokens_quantiles_p90": 1846.0,
    "results_number_output_tokens_quantiles_p95": 1859.0,
    "results_number_output_tokens_quantiles_p99": 1880.61,
    "results_number_output_tokens_mean": 758.3097560975609,
    "results_number_output_tokens_min": 3,
    "results_number_output_tokens_max": 1939,
    "results_number_output_tokens_stddev": 595.7212324972297,
    "results_num_requests_started": 2116,
    "results_error_rate": 0.22495274102079396,
    "results_number_errors": 476,
    "results_error_code_frequency": "{429.0: 476}",
    "results_mean_output_throughput_token_per_s": 2067.426409882555,
    "results_num_completed_requests": 1640,
    "results_num_completed_requests_per_min": 163.5816809628309,
    "timestamp": 1710764809
}