{
    "version": "2023-08-31",
    "name": "Mistral-large-lzcal_600_2400_summary",
    "model": "Mistral-large-lzcal",
    "mean_input_tokens": 600,
    "stddev_input_tokens": 2,
    "mean_output_tokens": 2400,
    "stddev_output_tokens": 2,
    "num_concurrent_requests": 1000,
    "results_inter_token_latency_s_quantiles_p25": 0.04014104844009692,
    "results_inter_token_latency_s_quantiles_p50": 0.0417480816070176,
    "results_inter_token_latency_s_quantiles_p75": 0.04309228272760103,
    "results_inter_token_latency_s_quantiles_p90": 0.043998479522156124,
    "results_inter_token_latency_s_quantiles_p95": 0.044623448472370285,
    "results_inter_token_latency_s_quantiles_p99": 0.05470766363927893,
    "results_inter_token_latency_s_mean": 0.047698979867892725,
    "results_inter_token_latency_s_min": 0.03678272219123474,
    "results_inter_token_latency_s_max": 0.8925924169998325,
    "results_inter_token_latency_s_stddev": 0.06789347036033616,
    "results_ttft_s_quantiles_p25": 2.2669633882505877,
    "results_ttft_s_quantiles_p50": 2.403516415000013,
    "results_ttft_s_quantiles_p75": 2.546457915499559,
    "results_ttft_s_quantiles_p90": 2.6696429091000935,
    "results_ttft_s_quantiles_p95": 2.7476077037498725,
    "results_ttft_s_quantiles_p99": 2.959658787590078,
    "results_ttft_s_mean": 2.4166785185034345,
    "results_ttft_s_min": 1.8557864369995514,
    "results_ttft_s_max": 6.16406633600036,
    "results_ttft_s_stddev": 0.23575098763493246,
    "results_end_to_end_latency_s_quantiles_p25": 21.536230149000176,
    "results_end_to_end_latency_s_quantiles_p50": 23.735653344000184,
    "results_end_to_end_latency_s_quantiles_p75": 35.32906508499991,
    "results_end_to_end_latency_s_quantiles_p90": 65.33875474649938,
    "results_end_to_end_latency_s_quantiles_p95": 95.13785001004962,
    "results_end_to_end_latency_s_quantiles_p99": 98.56478174062048,
    "results_end_to_end_latency_s_mean": 33.17631203697008,
    "results_end_to_end_latency_s_min": 2.161566044999745,
    "results_end_to_end_latency_s_max": 100.91623892200005,
    "results_end_to_end_latency_s_stddev": 21.98359898689406,
    "results_request_output_throughput_token_per_s_quantiles_p25": 22.530341021374817,
    "results_request_output_throughput_token_per_s_quantiles_p50": 23.276291502493983,
    "results_request_output_throughput_token_per_s_quantiles_p75": 24.183217202607246,
    "results_request_output_throughput_token_per_s_quantiles_p90": 24.834603000041778,
    "results_request_output_throughput_token_per_s_quantiles_p95": 25.24401199345282,
    "results_request_output_throughput_token_per_s_quantiles_p99": 25.669461071339477,
    "results_request_output_throughput_token_per_s_mean": 23.178901131671243,
    "results_request_output_throughput_token_per_s_min": 1.1123829863341665,
    "results_request_output_throughput_token_per_s_max": 26.408994128407617,
    "results_request_output_throughput_token_per_s_stddev": 2.2886233230393342,
    "results_number_input_tokens_quantiles_p25": 598.0,
    "results_number_input_tokens_quantiles_p50": 599.0,
    "results_number_input_tokens_quantiles_p75": 601.0,
    "results_number_input_tokens_quantiles_p90": 602.0,
    "results_number_input_tokens_quantiles_p95": 603.0,
    "results_number_input_tokens_quantiles_p99": 604.0,
    "results_number_input_tokens_mean": 599.4015410958904,
    "results_number_input_tokens_min": 592,
    "results_number_input_tokens_max": 607,
    "results_number_input_tokens_stddev": 2.0971840642076764,
    "results_number_output_tokens_quantiles_p25": 517.0,
    "results_number_output_tokens_quantiles_p50": 548.5,
    "results_number_output_tokens_quantiles_p75": 837.25,
    "results_number_output_tokens_quantiles_p90": 1640.1999999999994,
    "results_number_output_tokens_quantiles_p95": 2458.0,
    "results_number_output_tokens_quantiles_p99": 2484.33,
    "results_number_output_tokens_mean": 807.8450342465753,
    "results_number_output_tokens_min": 3,
    "results_number_output_tokens_max": 2523,
    "results_number_output_tokens_stddev": 574.2494710237318,
    "results_num_requests_started": 1888,
    "results_error_rate": 0.3813559322033898,
    "results_number_errors": 720,
    "results_error_code_frequency": "{429.0: 720}",
    "results_mean_output_throughput_token_per_s": 1517.427372657591,
    "results_num_completed_requests": 1168,
    "results_num_completed_requests_per_min": 112.70186545661919,
    "timestamp": 1710762940
}