{
    "version": "2023-08-31",
    "name": "Mistral-large-lzcal_200_1800_summary",
    "model": "Mistral-large-lzcal",
    "mean_input_tokens": 200,
    "stddev_input_tokens": 2,
    "mean_output_tokens": 1800,
    "stddev_output_tokens": 2,
    "num_concurrent_requests": 2000,
    "results_inter_token_latency_s_quantiles_p25": 0.039489312761100355,
    "results_inter_token_latency_s_quantiles_p50": 0.040541610848924214,
    "results_inter_token_latency_s_quantiles_p75": 0.04167775899596938,
    "results_inter_token_latency_s_quantiles_p90": 0.043054734547227386,
    "results_inter_token_latency_s_quantiles_p95": 0.0439113273875143,
    "results_inter_token_latency_s_quantiles_p99": 0.052256237979963614,
    "results_inter_token_latency_s_mean": 0.04437066156157622,
    "results_inter_token_latency_s_min": 0.036322373823842416,
    "results_inter_token_latency_s_max": 0.8114543896663236,
    "results_inter_token_latency_s_stddev": 0.049848199635623966,
    "results_ttft_s_quantiles_p25": 2.1672815987499234,
    "results_ttft_s_quantiles_p50": 2.285811337499581,
    "results_ttft_s_quantiles_p75": 2.4019734899998184,
    "results_ttft_s_quantiles_p90": 2.5245250095000302,
    "results_ttft_s_quantiles_p95": 2.6188522798997838,
    "results_ttft_s_quantiles_p99": 2.83495759923975,
    "results_ttft_s_mean": 2.2945672408744358,
    "results_ttft_s_min": 1.3312331909983186,
    "results_ttft_s_max": 3.677628489998824,
    "results_ttft_s_stddev": 0.2069285069208152,
    "results_end_to_end_latency_s_quantiles_p25": 11.897571295499802,
    "results_end_to_end_latency_s_quantiles_p50": 20.58329891199992,
    "results_end_to_end_latency_s_quantiles_p75": 39.29170961425007,
    "results_end_to_end_latency_s_quantiles_p90": 72.12290436560053,
    "results_end_to_end_latency_s_quantiles_p95": 73.5054290140497,
    "results_end_to_end_latency_s_quantiles_p99": 74.99678503177041,
    "results_end_to_end_latency_s_mean": 29.483343400954027,
    "results_end_to_end_latency_s_min": 2.0233860630014533,
    "results_end_to_end_latency_s_max": 75.84341904499888,
    "results_end_to_end_latency_s_stddev": 22.95905207637651,
    "results_request_output_throughput_token_per_s_quantiles_p25": 23.201203728539607,
    "results_request_output_throughput_token_per_s_quantiles_p50": 23.96653731664558,
    "results_request_output_throughput_token_per_s_quantiles_p75": 24.555566530270724,
    "results_request_output_throughput_token_per_s_quantiles_p90": 25.08775152905608,
    "results_request_output_throughput_token_per_s_quantiles_p95": 25.335993894495356,
    "results_request_output_throughput_token_per_s_quantiles_p99": 25.764824094161135,
    "results_request_output_throughput_token_per_s_mean": 23.691703575878147,
    "results_request_output_throughput_token_per_s_min": 1.2322823643137408,
    "results_request_output_throughput_token_per_s_max": 26.36152029116839,
    "results_request_output_throughput_token_per_s_stddev": 2.0087420231245185,
    "results_number_input_tokens_quantiles_p25": 198.0,
    "results_number_input_tokens_quantiles_p50": 199.0,
    "results_number_input_tokens_quantiles_p75": 201.0,
    "results_number_input_tokens_quantiles_p90": 202.0,
    "results_number_input_tokens_quantiles_p95": 203.0,
    "results_number_input_tokens_quantiles_p99": 204.0,
    "results_number_input_tokens_mean": 199.44817518248175,
    "results_number_input_tokens_min": 194,
    "results_number_input_tokens_max": 206,
    "results_number_input_tokens_stddev": 2.040642638927079,
    "results_number_output_tokens_quantiles_p25": 281.25,
    "results_number_output_tokens_quantiles_p50": 497.0,
    "results_number_output_tokens_quantiles_p75": 990.75,
    "results_number_output_tokens_quantiles_p90": 1844.0,
    "results_number_output_tokens_quantiles_p95": 1857.55,
    "results_number_output_tokens_quantiles_p99": 1879.31,
    "results_number_output_tokens_mean": 735.0540145985401,
    "results_number_output_tokens_min": 3,
    "results_number_output_tokens_max": 1935,
    "results_number_output_tokens_stddev": 590.4567904017784,
    "results_num_requests_started": 1396,
    "results_error_rate": 0.01862464183381089,
    "results_number_errors": 26,
    "results_error_code_frequency": "{429.0: 25, 424.0: 1}",
    "results_mean_output_throughput_token_per_s": 1574.8756904305187,
    "results_num_completed_requests": 1370,
    "results_num_completed_requests_per_min": 128.55183367366485,
    "timestamp": 1710769928
}