{
    "version": "2023-08-31",
    "name": "Mistral-large-lzcal_400_1600_summary",
    "model": "Mistral-large-lzcal",
    "mean_input_tokens": 400,
    "stddev_input_tokens": 2,
    "mean_output_tokens": 1600,
    "stddev_output_tokens": 2,
    "num_concurrent_requests": 1000,
    "results_inter_token_latency_s_quantiles_p25": 0.040585531481473966,
    "results_inter_token_latency_s_quantiles_p50": 0.0417575010933899,
    "results_inter_token_latency_s_quantiles_p75": 0.04302422827542842,
    "results_inter_token_latency_s_quantiles_p90": 0.04433547890922758,
    "results_inter_token_latency_s_quantiles_p95": 0.04541722323423978,
    "results_inter_token_latency_s_quantiles_p99": 0.05257506432830734,
    "results_inter_token_latency_s_mean": 0.04521365120390627,
    "results_inter_token_latency_s_min": 0.03688126426345282,
    "results_inter_token_latency_s_max": 0.8840789066668245,
    "results_inter_token_latency_s_stddev": 0.05006700105509716,
    "results_ttft_s_quantiles_p25": 2.2048033459996077,
    "results_ttft_s_quantiles_p50": 2.3331788760001473,
    "results_ttft_s_quantiles_p75": 2.4618801285005247,
    "results_ttft_s_quantiles_p90": 2.61646117600003,
    "results_ttft_s_quantiles_p95": 2.7206188078994726,
    "results_ttft_s_quantiles_p99": 2.9717423105296983,
    "results_ttft_s_mean": 2.347335503149637,
    "results_ttft_s_min": 1.4621746639995763,
    "results_ttft_s_max": 3.4284063350005454,
    "results_ttft_s_stddev": 0.2107473805850022,
    "results_end_to_end_latency_s_quantiles_p25": 15.447664768250206,
    "results_end_to_end_latency_s_quantiles_p50": 20.14111862300024,
    "results_end_to_end_latency_s_quantiles_p75": 32.9128070175002,
    "results_end_to_end_latency_s_quantiles_p90": 63.59173534160037,
    "results_end_to_end_latency_s_quantiles_p95": 66.82830743479971,
    "results_end_to_end_latency_s_quantiles_p99": 69.54178889081018,
    "results_end_to_end_latency_s_mean": 27.511368449547454,
    "results_end_to_end_latency_s_min": 2.005919336000261,
    "results_end_to_end_latency_s_max": 87.33382894100032,
    "results_end_to_end_latency_s_stddev": 17.11891583672023,
    "results_request_output_throughput_token_per_s_quantiles_p25": 22.559395393413592,
    "results_request_output_throughput_token_per_s_quantiles_p50": 23.187070963040323,
    "results_request_output_throughput_token_per_s_quantiles_p75": 23.89142236194723,
    "results_request_output_throughput_token_per_s_quantiles_p90": 24.549661688887362,
    "results_request_output_throughput_token_per_s_quantiles_p95": 24.91788592960052,
    "results_request_output_throughput_token_per_s_quantiles_p99": 25.604356283741385,
    "results_request_output_throughput_token_per_s_mean": 23.091084392384385,
    "results_request_output_throughput_token_per_s_min": 1.1308511158376475,
    "results_request_output_throughput_token_per_s_max": 26.422821675245032,
    "results_request_output_throughput_token_per_s_stddev": 1.854623832317387,
    "results_number_input_tokens_quantiles_p25": 398.0,
    "results_number_input_tokens_quantiles_p50": 400.0,
    "results_number_input_tokens_quantiles_p75": 401.0,
    "results_number_input_tokens_quantiles_p90": 402.0,
    "results_number_input_tokens_quantiles_p95": 403.0,
    "results_number_input_tokens_quantiles_p99": 404.0,
    "results_number_input_tokens_mean": 399.53953771289537,
    "results_number_input_tokens_min": 393,
    "results_number_input_tokens_max": 407,
    "results_number_input_tokens_stddev": 2.0326653868655935,
    "results_number_output_tokens_quantiles_p25": 360.0,
    "results_number_output_tokens_quantiles_p50": 481.0,
    "results_number_output_tokens_quantiles_p75": 793.25,
    "results_number_output_tokens_quantiles_p90": 1614.7,
    "results_number_output_tokens_quantiles_p95": 1643.0,
    "results_number_output_tokens_quantiles_p99": 1659.0,
    "results_number_output_tokens_mean": 659.7858880778589,
    "results_number_output_tokens_min": 3,
    "results_number_output_tokens_max": 1683,
    "results_number_output_tokens_stddev": 422.87222445824153,
    "results_num_requests_started": 2000,
    "results_error_rate": 0.178,
    "results_number_errors": 356,
    "results_error_code_frequency": "{429.0: 356}",
    "results_mean_output_throughput_token_per_s": 1778.16305643337,
    "results_num_completed_requests": 1644,
    "results_num_completed_requests_per_min": 161.70364555207362,
    "timestamp": 1710761997
}