{
    "version": "2023-08-31",
    "name": "Mistral-large-lzcal_400_1600_summary",
    "model": "Mistral-large-lzcal",
    "mean_input_tokens": 400,
    "stddev_input_tokens": 2,
    "mean_output_tokens": 1600,
    "stddev_output_tokens": 2,
    "num_concurrent_requests": 1000,
    "results_inter_token_latency_s_quantiles_p25": 0.04032172607632531,
    "results_inter_token_latency_s_quantiles_p50": 0.04151112628523369,
    "results_inter_token_latency_s_quantiles_p75": 0.04281800659875275,
    "results_inter_token_latency_s_quantiles_p90": 0.04408769163901992,
    "results_inter_token_latency_s_quantiles_p95": 0.04522209167886074,
    "results_inter_token_latency_s_quantiles_p99": 0.04709679340007177,
    "results_inter_token_latency_s_mean": 0.044268875114268344,
    "results_inter_token_latency_s_min": 0.0369495816874872,
    "results_inter_token_latency_s_max": 0.9791787450000508,
    "results_inter_token_latency_s_stddev": 0.046005875935205894,
    "results_ttft_s_quantiles_p25": 2.1880578632499237,
    "results_ttft_s_quantiles_p50": 2.317600180499994,
    "results_ttft_s_quantiles_p75": 2.456103456500159,
    "results_ttft_s_quantiles_p90": 2.58835894429958,
    "results_ttft_s_quantiles_p95": 2.6950667541502753,
    "results_ttft_s_quantiles_p99": 2.9528081972897504,
    "results_ttft_s_mean": 2.329881316478309,
    "results_ttft_s_min": 1.4387000689994238,
    "results_ttft_s_max": 3.6561196589991596,
    "results_ttft_s_stddev": 0.21706539386348997,
    "results_end_to_end_latency_s_quantiles_p25": 15.234858355500592,
    "results_end_to_end_latency_s_quantiles_p50": 20.451131894000355,
    "results_end_to_end_latency_s_quantiles_p75": 33.13813053475042,
    "results_end_to_end_latency_s_quantiles_p90": 63.27610899470037,
    "results_end_to_end_latency_s_quantiles_p95": 65.71549544350027,
    "results_end_to_end_latency_s_quantiles_p99": 68.35794345646987,
    "results_end_to_end_latency_s_mean": 27.350326969368187,
    "results_end_to_end_latency_s_min": 2.2303613119993315,
    "results_end_to_end_latency_s_max": 69.47387902899936,
    "results_end_to_end_latency_s_stddev": 16.74473754081098,
    "results_request_output_throughput_token_per_s_quantiles_p25": 22.686363502367765,
    "results_request_output_throughput_token_per_s_quantiles_p50": 23.344550741121864,
    "results_request_output_throughput_token_per_s_quantiles_p75": 24.029365809997895,
    "results_request_output_throughput_token_per_s_quantiles_p90": 24.61760439550302,
    "results_request_output_throughput_token_per_s_quantiles_p95": 24.929817061011676,
    "results_request_output_throughput_token_per_s_quantiles_p99": 25.47560663650925,
    "results_request_output_throughput_token_per_s_mean": 23.25878662189271,
    "results_request_output_throughput_token_per_s_min": 1.0212299285790183,
    "results_request_output_throughput_token_per_s_max": 26.271791319518428,
    "results_request_output_throughput_token_per_s_stddev": 1.6235000243804087,
    "results_number_input_tokens_quantiles_p25": 398.0,
    "results_number_input_tokens_quantiles_p50": 399.0,
    "results_number_input_tokens_quantiles_p75": 401.0,
    "results_number_input_tokens_quantiles_p90": 402.0,
    "results_number_input_tokens_quantiles_p95": 403.0,
    "results_number_input_tokens_quantiles_p99": 404.0,
    "results_number_input_tokens_mean": 399.4869848156182,
    "results_number_input_tokens_min": 394,
    "results_number_input_tokens_max": 406,
    "results_number_input_tokens_stddev": 1.9815600867534862,
    "results_number_output_tokens_quantiles_p25": 356.0,
    "results_number_output_tokens_quantiles_p50": 483.0,
    "results_number_output_tokens_quantiles_p75": 795.5,
    "results_number_output_tokens_quantiles_p90": 1618.4,
    "results_number_output_tokens_quantiles_p95": 1643.85,
    "results_number_output_tokens_quantiles_p99": 1663.0,
    "results_number_output_tokens_mean": 662.367136659436,
    "results_number_output_tokens_min": 3,
    "results_number_output_tokens_max": 1705,
    "results_number_output_tokens_stddev": 425.24828051453073,
    "results_num_requests_started": 2275,
    "results_error_rate": 0.18945054945054945,
    "results_number_errors": 431,
    "results_error_code_frequency": "{429.0: 429, 500.0: 2}",
    "results_mean_output_throughput_token_per_s": 2032.02154066838,
    "results_num_completed_requests": 1844,
    "results_num_completed_requests_per_min": 184.06905429366148,
    "timestamp": 1710760814
}