{
    "version": "2023-08-31",
    "name": "llama-3-70b-instruct_100_400_summary",
    "model": "llama-3-70b-instruct",
    "mean_input_tokens": 100,
    "stddev_input_tokens": 2,
    "mean_output_tokens": 400,
    "stddev_output_tokens": 2,
    "num_concurrent_requests": 10,
    "results_inter_token_latency_s_quantiles_p25": 0.050217254080155094,
    "results_inter_token_latency_s_quantiles_p50": 0.0538549178779875,
    "results_inter_token_latency_s_quantiles_p75": 0.059132289393239154,
    "results_inter_token_latency_s_quantiles_p90": 0.06813264061200215,
    "results_inter_token_latency_s_quantiles_p95": 0.07710569043289686,
    "results_inter_token_latency_s_quantiles_p99": 0.6084807922217783,
    "results_inter_token_latency_s_mean": 0.06836761037188945,
    "results_inter_token_latency_s_min": 0.04021789080710672,
    "results_inter_token_latency_s_max": 1.1130588274999127,
    "results_inter_token_latency_s_stddev": 0.10675563553880264,
    "results_ttft_s_quantiles_p25": 2.370872642499876,
    "results_ttft_s_quantiles_p50": 2.719857215500042,
    "results_ttft_s_quantiles_p75": 3.61411395624998,
    "results_ttft_s_quantiles_p90": 4.134089175000304,
    "results_ttft_s_quantiles_p95": 4.569447395900068,
    "results_ttft_s_quantiles_p99": 5.217778232249943,
    "results_ttft_s_mean": 2.960604730448725,
    "results_ttft_s_min": 1.3017216369999005,
    "results_ttft_s_max": 5.300941197999919,
    "results_ttft_s_stddev": 0.8802223631453705,
    "results_end_to_end_latency_s_quantiles_p25": 2.972657428499872,
    "results_end_to_end_latency_s_quantiles_p50": 4.5417174984999065,
    "results_end_to_end_latency_s_quantiles_p75": 18.680035382250026,
    "results_end_to_end_latency_s_quantiles_p90": 24.49500221979995,
    "results_end_to_end_latency_s_quantiles_p95": 25.049432679850074,
    "results_end_to_end_latency_s_quantiles_p99": 26.48259095857991,
    "results_end_to_end_latency_s_mean": 10.270413894824797,
    "results_end_to_end_latency_s_min": 1.3063056260000394,
    "results_end_to_end_latency_s_max": 27.867202420000012,
    "results_end_to_end_latency_s_stddev": 9.072529023717692,
    "results_request_output_throughput_token_per_s_quantiles_p25": 14.509789797712703,
    "results_request_output_throughput_token_per_s_quantiles_p50": 15.860425310573895,
    "results_request_output_throughput_token_per_s_quantiles_p75": 16.46221873609989,
    "results_request_output_throughput_token_per_s_quantiles_p90": 16.699756758057905,
    "results_request_output_throughput_token_per_s_quantiles_p95": 16.864650335254225,
    "results_request_output_throughput_token_per_s_quantiles_p99": 17.24479291261448,
    "results_request_output_throughput_token_per_s_mean": 15.107433387055654,
    "results_request_output_throughput_token_per_s_min": 1.34753942272739,
    "results_request_output_throughput_token_per_s_max": 17.572224404919933,
    "results_request_output_throughput_token_per_s_stddev": 2.2811006788724177,
    "results_number_input_tokens_quantiles_p25": 98.0,
    "results_number_input_tokens_quantiles_p50": 99.0,
    "results_number_input_tokens_quantiles_p75": 101.0,
    "results_number_input_tokens_quantiles_p90": 102.0,
    "results_number_input_tokens_quantiles_p95": 103.0,
    "results_number_input_tokens_quantiles_p99": 104.0,
    "results_number_input_tokens_mean": 99.3974358974359,
    "results_number_input_tokens_min": 95,
    "results_number_input_tokens_max": 105,
    "results_number_input_tokens_stddev": 1.952261219525654,
    "results_number_output_tokens_quantiles_p25": 51.0,
    "results_number_output_tokens_quantiles_p50": 82.0,
    "results_number_output_tokens_quantiles_p75": 343.5,
    "results_number_output_tokens_quantiles_p90": 502.0,
    "results_number_output_tokens_quantiles_p95": 509.0,
    "results_number_output_tokens_quantiles_p99": 520.67,
    "results_number_output_tokens_mean": 198.33760683760684,
    "results_number_output_tokens_min": 2,
    "results_number_output_tokens_max": 591,
    "results_number_output_tokens_stddev": 187.29685795617814,
    "results_num_requests_started": 240,
    "results_error_rate": 0.025,
    "results_number_errors": 6,
    "results_error_code_frequency": "{400.0: 6}",
    "results_mean_output_throughput_token_per_s": 76.4207781794916,
    "results_num_completed_requests": 234,
    "results_num_completed_requests_per_min": 23.1183927439629,
    "timestamp": 1714634990
}