{
    "version": "2023-08-31",
    "name": "llama-3-8b-instruct_100_400_summary",
    "model": "llama-3-8b-instruct",
    "mean_input_tokens": 100,
    "stddev_input_tokens": 2,
    "mean_output_tokens": 400,
    "stddev_output_tokens": 2,
    "num_concurrent_requests": 8,
    "results_inter_token_latency_s_quantiles_p25": 0.013255256130620285,
    "results_inter_token_latency_s_quantiles_p50": 0.014572635527251392,
    "results_inter_token_latency_s_quantiles_p75": 0.03125333109060637,
    "results_inter_token_latency_s_quantiles_p90": 0.033232657409957345,
    "results_inter_token_latency_s_quantiles_p95": 0.03425291722362431,
    "results_inter_token_latency_s_quantiles_p99": 0.03753798376597735,
    "results_inter_token_latency_s_mean": 0.02716606060209068,
    "results_inter_token_latency_s_min": 0.010562927904491802,
    "results_inter_token_latency_s_max": 0.7418390489999638,
    "results_inter_token_latency_s_stddev": 0.059919187070527354,
    "results_ttft_s_quantiles_p25": 0.6932189840000547,
    "results_ttft_s_quantiles_p50": 1.171710682000139,
    "results_ttft_s_quantiles_p75": 1.6970776105000596,
    "results_ttft_s_quantiles_p90": 2.339818399200021,
    "results_ttft_s_quantiles_p95": 2.6055279090998282,
    "results_ttft_s_quantiles_p99": 2.9110266756399956,
    "results_ttft_s_mean": 1.3176943702865753,
    "results_ttft_s_min": 0.5654704109999784,
    "results_ttft_s_max": 3.1522811530001036,
    "results_ttft_s_stddev": 0.6532692701764047,
    "results_end_to_end_latency_s_quantiles_p25": 1.4698826459999736,
    "results_end_to_end_latency_s_quantiles_p50": 2.4674993349999568,
    "results_end_to_end_latency_s_quantiles_p75": 4.107838822499957,
    "results_end_to_end_latency_s_quantiles_p90": 5.9397326717999475,
    "results_end_to_end_latency_s_quantiles_p95": 8.263441781599932,
    "results_end_to_end_latency_s_quantiles_p99": 13.826226575739993,
    "results_end_to_end_latency_s_mean": 3.291057374925847,
    "results_end_to_end_latency_s_min": 0.6524042750002081,
    "results_end_to_end_latency_s_max": 14.600252254000225,
    "results_end_to_end_latency_s_stddev": 2.7518697525264724,
    "results_request_output_throughput_token_per_s_quantiles_p25": 28.130779721554813,
    "results_request_output_throughput_token_per_s_quantiles_p50": 59.76680361971511,
    "results_request_output_throughput_token_per_s_quantiles_p75": 66.04536881278754,
    "results_request_output_throughput_token_per_s_quantiles_p90": 69.23384907439214,
    "results_request_output_throughput_token_per_s_quantiles_p95": 70.33837470491143,
    "results_request_output_throughput_token_per_s_quantiles_p99": 71.21515117985508,
    "results_request_output_throughput_token_per_s_mean": 47.1585737094899,
    "results_request_output_throughput_token_per_s_min": 2.021859815906585,
    "results_request_output_throughput_token_per_s_max": 71.82666061158388,
    "results_request_output_throughput_token_per_s_stddev": 19.666425790457605,
    "results_number_input_tokens_quantiles_p25": 98.0,
    "results_number_input_tokens_quantiles_p50": 99.0,
    "results_number_input_tokens_quantiles_p75": 101.0,
    "results_number_input_tokens_quantiles_p90": 102.0,
    "results_number_input_tokens_quantiles_p95": 103.0,
    "results_number_input_tokens_quantiles_p99": 105.0,
    "results_number_input_tokens_mean": 99.3186372745491,
    "results_number_input_tokens_min": 92,
    "results_number_input_tokens_max": 106,
    "results_number_input_tokens_stddev": 2.078932704889508,
    "results_number_output_tokens_quantiles_p25": 81.5,
    "results_number_output_tokens_quantiles_p50": 113.0,
    "results_number_output_tokens_quantiles_p75": 178.5,
    "results_number_output_tokens_quantiles_p90": 295.0,
    "results_number_output_tokens_quantiles_p95": 491.19999999999993,
    "results_number_output_tokens_quantiles_p99": 510.0,
    "results_number_output_tokens_mean": 154.33867735470943,
    "results_number_output_tokens_min": 2,
    "results_number_output_tokens_max": 534,
    "results_number_output_tokens_stddev": 116.11038719733283,
    "results_num_requests_started": 504,
    "results_error_rate": 0.00992063492063492,
    "results_number_errors": 5,
    "results_error_code_frequency": "{400.0: 5}",
    "results_mean_output_throughput_token_per_s": 142.1060258482778,
    "results_num_completed_requests": 499,
    "results_num_completed_requests_per_min": 55.24449021485993,
    "timestamp": 1713952229
}