{
    "version": "2023-08-31",
    "name": "Meta-Llama-3-8B-Instruct_100_400_summary",
    "model": "Meta-Llama-3-8B-Instruct",
    "mean_input_tokens": 100,
    "stddev_input_tokens": 2,
    "mean_output_tokens": 400,
    "stddev_output_tokens": 2,
    "num_concurrent_requests": 10,
    "results_inter_token_latency_s_quantiles_p25": 0.011559413787457446,
    "results_inter_token_latency_s_quantiles_p50": 0.013056537429537085,
    "results_inter_token_latency_s_quantiles_p75": 0.02980527418753809,
    "results_inter_token_latency_s_quantiles_p90": 0.03179481285974521,
    "results_inter_token_latency_s_quantiles_p95": 0.033300794630968654,
    "results_inter_token_latency_s_quantiles_p99": 0.31748561215999627,
    "results_inter_token_latency_s_mean": 0.026255438313701706,
    "results_inter_token_latency_s_min": 0.002363664419292829,
    "results_inter_token_latency_s_max": 0.6788947919999941,
    "results_inter_token_latency_s_stddev": 0.059201902968778176,
    "results_ttft_s_quantiles_p25": 0.7522084347499884,
    "results_ttft_s_quantiles_p50": 1.4397325359999513,
    "results_ttft_s_quantiles_p75": 1.9955976119999974,
    "results_ttft_s_quantiles_p90": 2.4358780479999784,
    "results_ttft_s_quantiles_p95": 2.772004048650015,
    "results_ttft_s_quantiles_p99": 3.4885135777700227,
    "results_ttft_s_mean": 1.448704522787635,
    "results_ttft_s_min": 0.5562777560000995,
    "results_ttft_s_max": 3.6233111730000473,
    "results_ttft_s_stddev": 0.7481508497841038,
    "results_end_to_end_latency_s_quantiles_p25": 5.912921251500023,
    "results_end_to_end_latency_s_quantiles_p50": 12.349157755499988,
    "results_end_to_end_latency_s_quantiles_p75": 14.783636064999982,
    "results_end_to_end_latency_s_quantiles_p90": 15.227537214099996,
    "results_end_to_end_latency_s_quantiles_p95": 15.600208536749994,
    "results_end_to_end_latency_s_quantiles_p99": 16.185722599839988,
    "results_end_to_end_latency_s_mean": 10.345908958319892,
    "results_end_to_end_latency_s_min": 0.6533568080000123,
    "results_end_to_end_latency_s_max": 16.509782398000027,
    "results_end_to_end_latency_s_stddev": 4.598099831913211,
    "results_request_output_throughput_token_per_s_quantiles_p25": 27.04209218266236,
    "results_request_output_throughput_token_per_s_quantiles_p50": 28.71458461844358,
    "results_request_output_throughput_token_per_s_quantiles_p75": 67.37653518148586,
    "results_request_output_throughput_token_per_s_quantiles_p90": 68.86012460252022,
    "results_request_output_throughput_token_per_s_quantiles_p95": 69.76926930787779,
    "results_request_output_throughput_token_per_s_quantiles_p99": 71.41546826101187,
    "results_request_output_throughput_token_per_s_mean": 45.600853758396035,
    "results_request_output_throughput_token_per_s_min": 1.4729200894557415,
    "results_request_output_throughput_token_per_s_max": 72.18518194708491,
    "results_request_output_throughput_token_per_s_stddev": 20.83526701507521,
    "results_number_input_tokens_quantiles_p25": 98.0,
    "results_number_input_tokens_quantiles_p50": 100.0,
    "results_number_input_tokens_quantiles_p75": 101.0,
    "results_number_input_tokens_quantiles_p90": 102.0,
    "results_number_input_tokens_quantiles_p95": 103.0,
    "results_number_input_tokens_quantiles_p99": 104.0,
    "results_number_input_tokens_mean": 99.60215053763442,
    "results_number_input_tokens_min": 93,
    "results_number_input_tokens_max": 105,
    "results_number_input_tokens_stddev": 2.030175512953482,
    "results_number_output_tokens_quantiles_p25": 472.75,
    "results_number_output_tokens_quantiles_p50": 498.0,
    "results_number_output_tokens_quantiles_p75": 578.0,
    "results_number_output_tokens_quantiles_p90": 1285.3000000000002,
    "results_number_output_tokens_quantiles_p95": 1552.85,
    "results_number_output_tokens_quantiles_p99": 2191.5400000000004,
    "results_number_output_tokens_mean": 652.1155913978495,
    "results_number_output_tokens_min": 3,
    "results_number_output_tokens_max": 2602,
    "results_number_output_tokens_stddev": 401.24266551498295,
    "results_num_requests_started": 375,
    "results_error_rate": 0.008,
    "results_number_errors": 3,
    "results_error_code_frequency": "{400.0: 3}",
    "results_mean_output_throughput_token_per_s": 404.27852630640893,
    "results_num_completed_requests": 372,
    "results_num_completed_requests_per_min": 37.1969508141782,
    "timestamp": 1713529379
}