{
    "version": "2023-08-31",
    "name": "llama-3-70b-instruct_100_400_summary",
    "model": "llama-3-70b-instruct",
    "mean_input_tokens": 100,
    "stddev_input_tokens": 2,
    "mean_output_tokens": 400,
    "stddev_output_tokens": 2,
    "num_concurrent_requests": 32,
    "results_inter_token_latency_s_quantiles_p25": 0.05436425117685177,
    "results_inter_token_latency_s_quantiles_p50": 0.6930535389305266,
    "results_inter_token_latency_s_quantiles_p75": 0.8815585827024441,
    "results_inter_token_latency_s_quantiles_p90": 1.0527512658516014,
    "results_inter_token_latency_s_quantiles_p95": 1.1945177200670059,
    "results_inter_token_latency_s_quantiles_p99": 12.871984893645019,
    "results_inter_token_latency_s_mean": 1.0203845575815227,
    "results_inter_token_latency_s_min": 0.04609105716633914,
    "results_inter_token_latency_s_max": 31.279056554999897,
    "results_inter_token_latency_s_stddev": 3.8992766861429553,
    "results_ttft_s_quantiles_p25": 3.6568606124999405,
    "results_ttft_s_quantiles_p50": 39.77484658499952,
    "results_ttft_s_quantiles_p75": 45.318395199499946,
    "results_ttft_s_quantiles_p90": 66.0177398312002,
    "results_ttft_s_quantiles_p95": 74.03968036990022,
    "results_ttft_s_quantiles_p99": 118.8347114598803,
    "results_ttft_s_mean": 31.28867947309527,
    "results_ttft_s_min": 2.0349039950001497,
    "results_ttft_s_max": 129.09160654900006,
    "results_ttft_s_stddev": 29.609408822822736,
    "results_end_to_end_latency_s_quantiles_p25": 11.020695849000049,
    "results_end_to_end_latency_s_quantiles_p50": 42.72254464700063,
    "results_end_to_end_latency_s_quantiles_p75": 112.43584502549993,
    "results_end_to_end_latency_s_quantiles_p90": 229.3081683472003,
    "results_end_to_end_latency_s_quantiles_p95": 318.2732272601001,
    "results_end_to_end_latency_s_quantiles_p99": 348.6701235152004,
    "results_end_to_end_latency_s_mean": 81.12505575665081,
    "results_end_to_end_latency_s_min": 2.0402299699999276,
    "results_end_to_end_latency_s_max": 349.3041249070002,
    "results_end_to_end_latency_s_stddev": 96.75164313457394,
    "results_request_output_throughput_token_per_s_quantiles_p25": 1.0121772224143615,
    "results_request_output_throughput_token_per_s_quantiles_p50": 1.171554544459325,
    "results_request_output_throughput_token_per_s_quantiles_p75": 15.340689092829251,
    "results_request_output_throughput_token_per_s_quantiles_p90": 16.660276624526606,
    "results_request_output_throughput_token_per_s_quantiles_p95": 16.905492394826766,
    "results_request_output_throughput_token_per_s_quantiles_p99": 17.16091144005165,
    "results_request_output_throughput_token_per_s_mean": 7.1224215772038795,
    "results_request_output_throughput_token_per_s_min": 0.04795533953296773,
    "results_request_output_throughput_token_per_s_max": 17.18100523203997,
    "results_request_output_throughput_token_per_s_stddev": 7.246006227344911,
    "results_number_input_tokens_quantiles_p25": 98.0,
    "results_number_input_tokens_quantiles_p50": 100.0,
    "results_number_input_tokens_quantiles_p75": 101.0,
    "results_number_input_tokens_quantiles_p90": 102.80000000000001,
    "results_number_input_tokens_quantiles_p95": 103.0,
    "results_number_input_tokens_quantiles_p99": 104.76,
    "results_number_input_tokens_mean": 99.80952380952381,
    "results_number_input_tokens_min": 96,
    "results_number_input_tokens_max": 106,
    "results_number_input_tokens_stddev": 2.131614130616354,
    "results_number_output_tokens_quantiles_p25": 58.5,
    "results_number_output_tokens_quantiles_p50": 93.0,
    "results_number_output_tokens_quantiles_p75": 342.0,
    "results_number_output_tokens_quantiles_p90": 503.40000000000003,
    "results_number_output_tokens_quantiles_p95": 504.9,
    "results_number_output_tokens_quantiles_p99": 506.38,
    "results_number_output_tokens_mean": 202.3015873015873,
    "results_number_output_tokens_min": 2,
    "results_number_output_tokens_max": 507,
    "results_number_output_tokens_stddev": 177.59828127988422,
    "results_num_requests_started": 64,
    "results_error_rate": 0.015625,
    "results_number_errors": 1,
    "results_error_code_frequency": "{-1.0: 1}",
    "results_mean_output_throughput_token_per_s": 18.567536641617604,
    "results_num_completed_requests": 63,
    "results_num_completed_requests_per_min": 5.506888074171403,
    "timestamp": 1714032104
}