{
    "version": "2023-08-31",
    "name": "bedrock-meta-llama3-8b-instruct-v1-0_800_200_summary",
    "model": "bedrock/meta.llama3-8b-instruct-v1:0",
    "mean_input_tokens": 800,
    "stddev_input_tokens": 2,
    "mean_output_tokens": 200,
    "stddev_output_tokens": 2,
    "num_concurrent_requests": 1,
    "results_inter_token_latency_s_quantiles_p25": 0.01344334806179566,
    "results_inter_token_latency_s_quantiles_p50": 0.013643079032270487,
    "results_inter_token_latency_s_quantiles_p75": 0.01414802328150082,
    "results_inter_token_latency_s_quantiles_p90": 0.014461749305975557,
    "results_inter_token_latency_s_quantiles_p95": 0.014720741404114081,
    "results_inter_token_latency_s_quantiles_p99": 0.014927935082624903,
    "results_inter_token_latency_s_mean": 0.013828966494926733,
    "results_inter_token_latency_s_min": 0.01318803294553888,
    "results_inter_token_latency_s_max": 0.014979733502252608,
    "results_inter_token_latency_s_stddev": 0.000562683778473471,
    "results_ttft_s_quantiles_p25": 0.38654522850083595,
    "results_ttft_s_quantiles_p50": 0.3984307640002953,
    "results_ttft_s_quantiles_p75": 0.4148252222476003,
    "results_ttft_s_quantiles_p90": 0.486946328400154,
    "results_ttft_s_quantiles_p95": 0.4958545257008154,
    "results_ttft_s_quantiles_p99": 0.5029810835413445,
    "results_ttft_s_mean": 0.3996968258001289,
    "results_ttft_s_min": 0.24408496300020488,
    "results_ttft_s_max": 0.5047627230014768,
    "results_ttft_s_stddev": 0.07055663770793329,
    "results_end_to_end_latency_s_quantiles_p25": 3.260491543750504,
    "results_end_to_end_latency_s_quantiles_p50": 3.306910073499239,
    "results_end_to_end_latency_s_quantiles_p75": 3.385991778249263,
    "results_end_to_end_latency_s_quantiles_p90": 3.4229596151992157,
    "results_end_to_end_latency_s_quantiles_p95": 3.4582169360997796,
    "results_end_to_end_latency_s_quantiles_p99": 3.486422792820231,
    "results_end_to_end_latency_s_mean": 3.3158225183997274,
    "results_end_to_end_latency_s_min": 3.1532215929983067,
    "results_end_to_end_latency_s_max": 3.4934742570003436,
    "results_end_to_end_latency_s_stddev": 0.10399317968276928,
    "results_request_output_throughput_token_per_s_quantiles_p25": 70.65774678844194,
    "results_request_output_throughput_token_per_s_quantiles_p50": 73.22395515282949,
    "results_request_output_throughput_token_per_s_quantiles_p75": 74.36049877116886,
    "results_request_output_throughput_token_per_s_quantiles_p90": 75.08670370398718,
    "results_request_output_throughput_token_per_s_quantiles_p95": 75.44110070204219,
    "results_request_output_throughput_token_per_s_quantiles_p99": 75.7246183004862,
    "results_request_output_throughput_token_per_s_mean": 72.37278356529552,
    "results_request_output_throughput_token_per_s_min": 66.69578272492107,
    "results_request_output_throughput_token_per_s_max": 75.7954977000972,
    "results_request_output_throughput_token_per_s_stddev": 2.861974635928913,
    "results_number_input_tokens_quantiles_p25": 799.0,
    "results_number_input_tokens_quantiles_p50": 799.5,
    "results_number_input_tokens_quantiles_p75": 800.0,
    "results_number_input_tokens_quantiles_p90": 800.5,
    "results_number_input_tokens_quantiles_p95": 802.75,
    "results_number_input_tokens_quantiles_p99": 804.55,
    "results_number_input_tokens_mean": 799.9,
    "results_number_input_tokens_min": 798,
    "results_number_input_tokens_max": 805,
    "results_number_input_tokens_stddev": 1.9119507199599983,
    "results_number_output_tokens_quantiles_p25": 237.0,
    "results_number_output_tokens_quantiles_p50": 240.0,
    "results_number_output_tokens_quantiles_p75": 245.25,
    "results_number_output_tokens_quantiles_p90": 247.3,
    "results_number_output_tokens_quantiles_p95": 248.65,
    "results_number_output_tokens_quantiles_p99": 249.73,
    "results_number_output_tokens_mean": 239.8,
    "results_number_output_tokens_min": 225,
    "results_number_output_tokens_max": 250,
    "results_number_output_tokens_stddev": 7.360555534589613,
    "results_num_requests_started": 10,
    "results_error_rate": 0.0,
    "results_number_errors": 0,
    "results_error_code_frequency": "{}",
    "results_mean_output_throughput_token_per_s": 63.712619847685275,
    "results_num_completed_requests": 10,
    "results_num_completed_requests_per_min": 15.941439494833679,
    "timestamp": 1718373922
}