{
    "version": "2023-08-31",
    "name": "Llama-3-70b-chat_400_100_summary",
    "model": "Llama-3-70b-chat",
    "mean_input_tokens": 400,
    "stddev_input_tokens": 2,
    "mean_output_tokens": 100,
    "stddev_output_tokens": 2,
    "num_concurrent_requests": 10,
    "results_inter_token_latency_s_quantiles_p25": 0.060869105780060884,
    "results_inter_token_latency_s_quantiles_p50": 0.0706198059687567,
    "results_inter_token_latency_s_quantiles_p75": 0.8557297116704357,
    "results_inter_token_latency_s_quantiles_p90": 0.8843131785572542,
    "results_inter_token_latency_s_quantiles_p95": 0.8932596245992017,
    "results_inter_token_latency_s_quantiles_p99": 0.9258524198875074,
    "results_inter_token_latency_s_mean": 0.41824918337861994,
    "results_inter_token_latency_s_min": 0.05299553463558819,
    "results_inter_token_latency_s_max": 0.9429863093482181,
    "results_inter_token_latency_s_stddev": 0.3981906044933389,
    "results_ttft_s_quantiles_p25": 3.5601832477499897,
    "results_ttft_s_quantiles_p50": 4.7706710735000115,
    "results_ttft_s_quantiles_p75": 56.14374423775001,
    "results_ttft_s_quantiles_p90": 63.288795266500045,
    "results_ttft_s_quantiles_p95": 69.48174231285002,
    "results_ttft_s_quantiles_p99": 72.76660547043,
    "results_ttft_s_mean": 27.80090513813332,
    "results_ttft_s_min": 2.646985301999962,
    "results_ttft_s_max": 73.871540138,
    "results_ttft_s_stddev": 27.537955397622063,
    "results_end_to_end_latency_s_quantiles_p25": 7.029595489499982,
    "results_end_to_end_latency_s_quantiles_p50": 8.070449400499996,
    "results_end_to_end_latency_s_quantiles_p75": 99.98530039724997,
    "results_end_to_end_latency_s_quantiles_p90": 105.95955780929997,
    "results_end_to_end_latency_s_quantiles_p95": 106.85791465415,
    "results_end_to_end_latency_s_quantiles_p99": 108.05104149759002,
    "results_end_to_end_latency_s_mean": 49.69960927014999,
    "results_end_to_end_latency_s_min": 6.258654196999942,
    "results_end_to_end_latency_s_max": 108.18765375500004,
    "results_end_to_end_latency_s_stddev": 47.51609832312904,
    "results_request_output_throughput_token_per_s_quantiles_p25": 1.004374474278867,
    "results_request_output_throughput_token_per_s_quantiles_p50": 12.32064140653301,
    "results_request_output_throughput_token_per_s_quantiles_p75": 14.16484649781036,
    "results_request_output_throughput_token_per_s_quantiles_p90": 14.893618008218978,
    "results_request_output_throughput_token_per_s_quantiles_p95": 15.163257645390141,
    "results_request_output_throughput_token_per_s_quantiles_p99": 15.647431705343614,
    "results_request_output_throughput_token_per_s_mean": 8.110875034178227,
    "results_request_output_throughput_token_per_s_min": 0.944214132182948,
    "results_request_output_throughput_token_per_s_max": 15.818097131401702,
    "results_request_output_throughput_token_per_s_stddev": 6.530389700299962,
    "results_number_input_tokens_quantiles_p25": 398.0,
    "results_number_input_tokens_quantiles_p50": 399.0,
    "results_number_input_tokens_quantiles_p75": 401.0,
    "results_number_input_tokens_quantiles_p90": 402.0,
    "results_number_input_tokens_quantiles_p95": 402.05,
    "results_number_input_tokens_quantiles_p99": 403.40999999999997,
    "results_number_input_tokens_mean": 399.1166666666667,
    "results_number_input_tokens_min": 395,
    "results_number_input_tokens_max": 404,
    "results_number_input_tokens_stddev": 2.1240484742359245,
    "results_number_output_tokens_quantiles_p25": 114.0,
    "results_number_output_tokens_quantiles_p50": 117.5,
    "results_number_output_tokens_quantiles_p75": 121.0,
    "results_number_output_tokens_quantiles_p90": 123.1,
    "results_number_output_tokens_quantiles_p95": 124.0,
    "results_number_output_tokens_quantiles_p99": 126.0,
    "results_number_output_tokens_mean": 117.36666666666666,
    "results_number_output_tokens_min": 103,
    "results_number_output_tokens_max": 126,
    "results_number_output_tokens_stddev": 4.933340968080824,
    "results_num_requests_started": 60,
    "results_error_rate": 0.0,
    "results_number_errors": 0,
    "results_error_code_frequency": "{}",
    "results_mean_output_throughput_token_per_s": 11.401206748500412,
    "results_num_completed_requests": 60,
    "results_num_completed_requests_per_min": 5.828506716075189,
    "timestamp": 1713852904
}