{
    "version": "2023-08-31",
    "name": "llama-3-8b-instruct_100_400_summary",
    "model": "llama-3-8b-instruct",
    "mean_input_tokens": 100,
    "stddev_input_tokens": 2,
    "mean_output_tokens": 400,
    "stddev_output_tokens": 2,
    "num_concurrent_requests": 16,
    "results_inter_token_latency_s_quantiles_p25": 0.013619944616262664,
    "results_inter_token_latency_s_quantiles_p50": 0.026289311749994968,
    "results_inter_token_latency_s_quantiles_p75": 0.032834463035530906,
    "results_inter_token_latency_s_quantiles_p90": 0.03478014849682127,
    "results_inter_token_latency_s_quantiles_p95": 0.0362615942894143,
    "results_inter_token_latency_s_quantiles_p99": 0.04075278799927979,
    "results_inter_token_latency_s_mean": 0.025517319380276657,
    "results_inter_token_latency_s_min": 0.01085827518182713,
    "results_inter_token_latency_s_max": 0.6940020399999867,
    "results_inter_token_latency_s_stddev": 0.03624869977359243,
    "results_ttft_s_quantiles_p25": 0.7225863910000498,
    "results_ttft_s_quantiles_p50": 1.3255198879996897,
    "results_ttft_s_quantiles_p75": 1.8736697970000478,
    "results_ttft_s_quantiles_p90": 2.3391834400001246,
    "results_ttft_s_quantiles_p95": 2.6454830144000425,
    "results_ttft_s_quantiles_p99": 3.0278525611600524,
    "results_ttft_s_mean": 1.3893721342642833,
    "results_ttft_s_min": 0.571509567999783,
    "results_ttft_s_max": 3.5022590230000787,
    "results_ttft_s_stddev": 0.6828090333698505,
    "results_end_to_end_latency_s_quantiles_p25": 1.530394363500136,
    "results_end_to_end_latency_s_quantiles_p50": 2.6024967609996565,
    "results_end_to_end_latency_s_quantiles_p75": 3.9051056895002603,
    "results_end_to_end_latency_s_quantiles_p90": 6.238901960599834,
    "results_end_to_end_latency_s_quantiles_p95": 8.033886984700027,
    "results_end_to_end_latency_s_quantiles_p99": 13.991446299559993,
    "results_end_to_end_latency_s_mean": 3.2888681893865797,
    "results_end_to_end_latency_s_min": 0.6063796620001085,
    "results_end_to_end_latency_s_max": 15.107619017000161,
    "results_end_to_end_latency_s_stddev": 2.647703332120463,
    "results_request_output_throughput_token_per_s_quantiles_p25": 26.941003274769365,
    "results_request_output_throughput_token_per_s_quantiles_p50": 29.460391281224013,
    "results_request_output_throughput_token_per_s_quantiles_p75": 63.820573437760714,
    "results_request_output_throughput_token_per_s_quantiles_p90": 67.45101444378945,
    "results_request_output_throughput_token_per_s_quantiles_p95": 68.71315715980425,
    "results_request_output_throughput_token_per_s_quantiles_p99": 70.2429511015754,
    "results_request_output_throughput_token_per_s_mean": 45.04344858528603,
    "results_request_output_throughput_token_per_s_min": 2.1612150017052,
    "results_request_output_throughput_token_per_s_max": 70.993716338063,
    "results_request_output_throughput_token_per_s_stddev": 19.091061678109273,
    "results_number_input_tokens_quantiles_p25": 98.0,
    "results_number_input_tokens_quantiles_p50": 99.0,
    "results_number_input_tokens_quantiles_p75": 101.0,
    "results_number_input_tokens_quantiles_p90": 102.0,
    "results_number_input_tokens_quantiles_p95": 103.0,
    "results_number_input_tokens_quantiles_p99": 104.0,
    "results_number_input_tokens_mean": 99.41222879684418,
    "results_number_input_tokens_min": 93,
    "results_number_input_tokens_max": 104,
    "results_number_input_tokens_stddev": 1.9615091499090669,
    "results_number_output_tokens_quantiles_p25": 82.0,
    "results_number_output_tokens_quantiles_p50": 110.0,
    "results_number_output_tokens_quantiles_p75": 176.5,
    "results_number_output_tokens_quantiles_p90": 267.40000000000003,
    "results_number_output_tokens_quantiles_p95": 453.5999999999998,
    "results_number_output_tokens_quantiles_p99": 507.0,
    "results_number_output_tokens_mean": 147.87573964497042,
    "results_number_output_tokens_min": 2,
    "results_number_output_tokens_max": 522,
    "results_number_output_tokens_stddev": 107.05256338485336,
    "results_num_requests_started": 512,
    "results_error_rate": 0.009765625,
    "results_number_errors": 5,
    "results_error_code_frequency": "{400.0: 5}",
    "results_mean_output_throughput_token_per_s": 198.03270390380436,
    "results_num_completed_requests": 507,
    "results_num_completed_requests_per_min": 80.3509910601647,
    "timestamp": 1713954178
}