{
    "version": "2023-08-31",
    "name": "Mistral-small_100_400_summary",
    "model": "Mistral-small",
    "mean_input_tokens": 100,
    "stddev_input_tokens": 2,
    "mean_output_tokens": 400,
    "stddev_output_tokens": 2,
    "num_concurrent_requests": 10,
    "results_inter_token_latency_s_quantiles_p25": 0.014452271041179498,
    "results_inter_token_latency_s_quantiles_p50": 0.014795974526576345,
    "results_inter_token_latency_s_quantiles_p75": 0.015155325715735104,
    "results_inter_token_latency_s_quantiles_p90": 0.015595217693024863,
    "results_inter_token_latency_s_quantiles_p95": 0.015787004425912788,
    "results_inter_token_latency_s_quantiles_p99": 0.024380106978736146,
    "results_inter_token_latency_s_mean": 0.017781550678120064,
    "results_inter_token_latency_s_min": 0.013392353245865064,
    "results_inter_token_latency_s_max": 0.49012682199997926,
    "results_inter_token_latency_s_stddev": 0.036557228615551204,
    "results_ttft_s_quantiles_p25": 0.9844450360001247,
    "results_ttft_s_quantiles_p50": 1.0185883770000146,
    "results_ttft_s_quantiles_p75": 1.0535897400000067,
    "results_ttft_s_quantiles_p90": 1.2462667994000187,
    "results_ttft_s_quantiles_p95": 1.5683457550001092,
    "results_ttft_s_quantiles_p99": 1.6797052978803553,
    "results_ttft_s_mean": 1.063083732448698,
    "results_ttft_s_min": 0.8937862239999959,
    "results_ttft_s_max": 1.7226183810003022,
    "results_ttft_s_stddev": 0.1659816705112343,
    "results_end_to_end_latency_s_quantiles_p25": 5.840173451999817,
    "results_end_to_end_latency_s_quantiles_p50": 5.979942899999969,
    "results_end_to_end_latency_s_quantiles_p75": 6.132497560000047,
    "results_end_to_end_latency_s_quantiles_p90": 6.279517876600039,
    "results_end_to_end_latency_s_quantiles_p95": 6.363650476999919,
    "results_end_to_end_latency_s_quantiles_p99": 6.458552306359789,
    "results_end_to_end_latency_s_mean": 5.766090555871237,
    "results_end_to_end_latency_s_min": 0.9644940690000112,
    "results_end_to_end_latency_s_max": 6.523063172000093,
    "results_end_to_end_latency_s_stddev": 0.850293579340736,
    "results_request_output_throughput_token_per_s_quantiles_p25": 59.677832797040324,
    "results_request_output_throughput_token_per_s_quantiles_p50": 61.38807677960463,
    "results_request_output_throughput_token_per_s_quantiles_p75": 63.17735193438991,
    "results_request_output_throughput_token_per_s_quantiles_p90": 65.4686222704047,
    "results_request_output_throughput_token_per_s_quantiles_p95": 66.88193864001694,
    "results_request_output_throughput_token_per_s_quantiles_p99": 68.46312658336431,
    "results_request_output_throughput_token_per_s_mean": 61.06875320623783,
    "results_request_output_throughput_token_per_s_min": 3.060148310577212,
    "results_request_output_throughput_token_per_s_max": 70.33422506092961,
    "results_request_output_throughput_token_per_s_stddev": 5.891582582199146,
    "results_number_input_tokens_quantiles_p25": 98.0,
    "results_number_input_tokens_quantiles_p50": 99.0,
    "results_number_input_tokens_quantiles_p75": 101.0,
    "results_number_input_tokens_quantiles_p90": 102.0,
    "results_number_input_tokens_quantiles_p95": 103.0,
    "results_number_input_tokens_quantiles_p99": 104.0,
    "results_number_input_tokens_mean": 99.48490945674044,
    "results_number_input_tokens_min": 94,
    "results_number_input_tokens_max": 107,
    "results_number_input_tokens_stddev": 2.0419673570725605,
    "results_number_output_tokens_quantiles_p25": 402.0,
    "results_number_output_tokens_quantiles_p50": 407.0,
    "results_number_output_tokens_quantiles_p75": 412.0,
    "results_number_output_tokens_quantiles_p90": 417.0,
    "results_number_output_tokens_quantiles_p95": 420.0,
    "results_number_output_tokens_quantiles_p99": 425.0,
    "results_number_output_tokens_mean": 388.4245472837022,
    "results_number_output_tokens_min": 2,
    "results_number_output_tokens_max": 436,
    "results_number_output_tokens_stddev": 63.06207612030467,
    "results_num_requests_started": 500,
    "results_error_rate": 0.006,
    "results_number_errors": 3,
    "results_error_code_frequency": "{400.0: 3}",
    "results_mean_output_throughput_token_per_s": 521.5061773015458,
    "results_num_completed_requests": 497,
    "results_num_completed_requests_per_min": 80.55714000803998,
    "timestamp": 1715319272
}