{
    "version": "2023-08-31",
    "name": "Meta-Llama-3-70B-Instruct_400_100_summary",
    "model": "Meta-Llama-3-70B-Instruct",
    "mean_input_tokens": 400,
    "stddev_input_tokens": 2,
    "mean_output_tokens": 100,
    "stddev_output_tokens": 2,
    "num_concurrent_requests": 10,
    "results_inter_token_latency_s_quantiles_p25": 0.06139713895536057,
    "results_inter_token_latency_s_quantiles_p50": 0.10561347589652043,
    "results_inter_token_latency_s_quantiles_p75": 0.8305646243118407,
    "results_inter_token_latency_s_quantiles_p90": 0.9103249267440839,
    "results_inter_token_latency_s_quantiles_p95": 0.9516812723271469,
    "results_inter_token_latency_s_quantiles_p99": 0.9866010201299129,
    "results_inter_token_latency_s_mean": 0.4433981352796328,
    "results_inter_token_latency_s_min": 0.05190517658333723,
    "results_inter_token_latency_s_max": 0.9950621556339213,
    "results_inter_token_latency_s_stddev": 0.3989631085487191,
    "results_ttft_s_quantiles_p25": 3.5185909605000916,
    "results_ttft_s_quantiles_p50": 4.999418982500174,
    "results_ttft_s_quantiles_p75": 54.59546307300002,
    "results_ttft_s_quantiles_p90": 64.0626117587,
    "results_ttft_s_quantiles_p95": 65.79504836035012,
    "results_ttft_s_quantiles_p99": 72.08941265858984,
    "results_ttft_s_mean": 28.865130250883333,
    "results_ttft_s_min": 2.6274463390000165,
    "results_ttft_s_max": 78.28165458500007,
    "results_ttft_s_stddev": 27.756918196143904,
    "results_end_to_end_latency_s_quantiles_p25": 7.137086539750044,
    "results_end_to_end_latency_s_quantiles_p50": 7.978523358999837,
    "results_end_to_end_latency_s_quantiles_p75": 97.8152169059997,
    "results_end_to_end_latency_s_quantiles_p90": 110.20649762350013,
    "results_end_to_end_latency_s_quantiles_p95": 111.51155330494966,
    "results_end_to_end_latency_s_quantiles_p99": 113.56399149084001,
    "results_end_to_end_latency_s_mean": 50.60460971684998,
    "results_end_to_end_latency_s_min": 2.9422477429998253,
    "results_end_to_end_latency_s_max": 114.33547821899992,
    "results_end_to_end_latency_s_stddev": 47.25501377441298,
    "results_request_output_throughput_token_per_s_quantiles_p25": 1.0133812614812636,
    "results_request_output_throughput_token_per_s_quantiles_p50": 9.148652022793835,
    "results_request_output_throughput_token_per_s_quantiles_p75": 13.988129722945718,
    "results_request_output_throughput_token_per_s_quantiles_p90": 14.776035157905378,
    "results_request_output_throughput_token_per_s_quantiles_p95": 15.064802758630693,
    "results_request_output_throughput_token_per_s_quantiles_p99": 15.814970391333391,
    "results_request_output_throughput_token_per_s_mean": 7.604500226330133,
    "results_request_output_throughput_token_per_s_min": 0.8882811352670485,
    "results_request_output_throughput_token_per_s_max": 16.201970915316434,
    "results_request_output_throughput_token_per_s_stddev": 6.550830786473729,
    "results_number_input_tokens_quantiles_p25": 398.0,
    "results_number_input_tokens_quantiles_p50": 399.5,
    "results_number_input_tokens_quantiles_p75": 401.0,
    "results_number_input_tokens_quantiles_p90": 402.0,
    "results_number_input_tokens_quantiles_p95": 403.0,
    "results_number_input_tokens_quantiles_p99": 403.40999999999997,
    "results_number_input_tokens_mean": 399.6166666666667,
    "results_number_input_tokens_min": 394,
    "results_number_input_tokens_max": 404,
    "results_number_input_tokens_stddev": 2.1160537837728066,
    "results_number_output_tokens_quantiles_p25": 115.0,
    "results_number_output_tokens_quantiles_p50": 118.0,
    "results_number_output_tokens_quantiles_p75": 120.0,
    "results_number_output_tokens_quantiles_p90": 123.2,
    "results_number_output_tokens_quantiles_p95": 126.05,
    "results_number_output_tokens_quantiles_p99": 129.23,
    "results_number_output_tokens_mean": 114.95,
    "results_number_output_tokens_min": 3,
    "results_number_output_tokens_max": 131,
    "results_number_output_tokens_stddev": 18.110232148555585,
    "results_num_requests_started": 60,
    "results_error_rate": 0.0,
    "results_number_errors": 0,
    "results_error_code_frequency": "{}",
    "results_mean_output_throughput_token_per_s": 11.25793807138786,
    "results_num_completed_requests": 60,
    "results_num_completed_requests_per_min": 5.876261716252907,
    "timestamp": 1713531890
}