{
    "version": "2023-08-31",
    "name": "bedrock-mistral-mistral-small-2402-v1-0_200_800_summary",
    "model": "bedrock/mistral.mistral-small-2402-v1:0",
    "mean_input_tokens": 200,
    "stddev_input_tokens": 2,
    "mean_output_tokens": 800,
    "stddev_output_tokens": 2,
    "num_concurrent_requests": 1,
    "results_inter_token_latency_s_quantiles_p25": 0.019261455517330838,
    "results_inter_token_latency_s_quantiles_p50": 0.01955742974301039,
    "results_inter_token_latency_s_quantiles_p75": 0.01989796482227374,
    "results_inter_token_latency_s_quantiles_p90": 0.019973922602884865,
    "results_inter_token_latency_s_quantiles_p95": 0.020018337383840932,
    "results_inter_token_latency_s_quantiles_p99": 0.020053869208605784,
    "results_inter_token_latency_s_mean": 0.019509565109424174,
    "results_inter_token_latency_s_min": 0.018524521008431754,
    "results_inter_token_latency_s_max": 0.020062752164797,
    "results_inter_token_latency_s_stddev": 0.00047788645972540364,
    "results_ttft_s_quantiles_p25": 0.4572581632501169,
    "results_ttft_s_quantiles_p50": 0.46502417649935524,
    "results_ttft_s_quantiles_p75": 0.47736250500020105,
    "results_ttft_s_quantiles_p90": 0.5177114508998784,
    "results_ttft_s_quantiles_p95": 0.530011880949678,
    "results_ttft_s_quantiles_p99": 0.5398522249895177,
    "results_ttft_s_mean": 0.474054771199917,
    "results_ttft_s_min": 0.4340497180000966,
    "results_ttft_s_max": 0.5423123109994776,
    "results_ttft_s_stddev": 0.032093230020422095,
    "results_end_to_end_latency_s_quantiles_p25": 7.567430286500894,
    "results_end_to_end_latency_s_quantiles_p50": 15.572021412500362,
    "results_end_to_end_latency_s_quantiles_p75": 16.02220569100018,
    "results_end_to_end_latency_s_quantiles_p90": 16.163464474999454,
    "results_end_to_end_latency_s_quantiles_p95": 16.218583062499512,
    "results_end_to_end_latency_s_quantiles_p99": 16.262677932499557,
    "results_end_to_end_latency_s_mean": 12.520696474200122,
    "results_end_to_end_latency_s_min": 6.6166325340000185,
    "results_end_to_end_latency_s_max": 16.273701649999566,
    "results_end_to_end_latency_s_stddev": 4.4642431600125745,
    "results_request_output_throughput_token_per_s_quantiles_p25": 50.22410615122172,
    "results_request_output_throughput_token_per_s_quantiles_p50": 51.07848082486442,
    "results_request_output_throughput_token_per_s_quantiles_p75": 51.87837456073146,
    "results_request_output_throughput_token_per_s_quantiles_p90": 52.45319629444118,
    "results_request_output_throughput_token_per_s_quantiles_p95": 53.20233871300511,
    "results_request_output_throughput_token_per_s_quantiles_p99": 53.80165264785626,
    "results_request_output_throughput_token_per_s_mean": 51.23302665227958,
    "results_request_output_throughput_token_per_s_min": 49.748207930090615,
    "results_request_output_throughput_token_per_s_max": 53.95148113156905,
    "results_request_output_throughput_token_per_s_stddev": 1.284111778852453,
    "results_number_input_tokens_quantiles_p25": 199.0,
    "results_number_input_tokens_quantiles_p50": 199.5,
    "results_number_input_tokens_quantiles_p75": 200.0,
    "results_number_input_tokens_quantiles_p90": 200.5,
    "results_number_input_tokens_quantiles_p95": 202.75,
    "results_number_input_tokens_quantiles_p99": 204.55,
    "results_number_input_tokens_mean": 199.9,
    "results_number_input_tokens_min": 198,
    "results_number_input_tokens_max": 205,
    "results_number_input_tokens_stddev": 1.911950719959998,
    "results_number_output_tokens_quantiles_p25": 380.0,
    "results_number_output_tokens_quantiles_p50": 809.5,
    "results_number_output_tokens_quantiles_p75": 823.5,
    "results_number_output_tokens_quantiles_p90": 829.3,
    "results_number_output_tokens_quantiles_p95": 830.65,
    "results_number_output_tokens_quantiles_p99": 831.73,
    "results_number_output_tokens_mean": 642.5,
    "results_number_output_tokens_min": 341,
    "results_number_output_tokens_max": 832,
    "results_number_output_tokens_stddev": 232.20213895081443,
    "results_num_requests_started": 10,
    "results_error_rate": 0.0,
    "results_number_errors": 0,
    "results_error_code_frequency": "{}",
    "results_mean_output_throughput_token_per_s": 49.47649471688536,
    "results_num_completed_requests": 10,
    "results_num_completed_requests_per_min": 4.62037304749124,
    "timestamp": 1718373138
}