{
    "version": "2023-08-31",
    "name": "llama-3-8b-instruct_400_100_summary",
    "model": "llama-3-8b-instruct",
    "mean_input_tokens": 400,
    "stddev_input_tokens": 2,
    "mean_output_tokens": 100,
    "stddev_output_tokens": 2,
    "num_concurrent_requests": 10,
    "results_inter_token_latency_s_quantiles_p25": 0.013494166616578304,
    "results_inter_token_latency_s_quantiles_p50": 0.02892344354267796,
    "results_inter_token_latency_s_quantiles_p75": 0.033326085947007304,
    "results_inter_token_latency_s_quantiles_p90": 0.03559763696639096,
    "results_inter_token_latency_s_quantiles_p95": 0.03699751172490302,
    "results_inter_token_latency_s_quantiles_p99": 0.34806166367497365,
    "results_inter_token_latency_s_mean": 0.034360536575962344,
    "results_inter_token_latency_s_min": 0.011816073695325002,
    "results_inter_token_latency_s_max": 0.9880854834998445,
    "results_inter_token_latency_s_stddev": 0.09050626892158074,
    "results_ttft_s_quantiles_p25": 0.7170567057499966,
    "results_ttft_s_quantiles_p50": 1.2832034100001692,
    "results_ttft_s_quantiles_p75": 1.8824447850003025,
    "results_ttft_s_quantiles_p90": 2.652792767700112,
    "results_ttft_s_quantiles_p95": 2.9154486073999117,
    "results_ttft_s_quantiles_p99": 3.237520105489948,
    "results_ttft_s_mean": 1.4309871231159987,
    "results_ttft_s_min": 0.5996906119999039,
    "results_ttft_s_max": 3.490756077000242,
    "results_ttft_s_stddev": 0.7449001201991785,
    "results_end_to_end_latency_s_quantiles_p25": 1.5947882514999492,
    "results_end_to_end_latency_s_quantiles_p50": 1.7546086275001471,
    "results_end_to_end_latency_s_quantiles_p75": 3.923265203750134,
    "results_end_to_end_latency_s_quantiles_p90": 4.153330655299942,
    "results_end_to_end_latency_s_quantiles_p95": 4.260155356800305,
    "results_end_to_end_latency_s_quantiles_p99": 4.456281534179784,
    "results_end_to_end_latency_s_mean": 2.7372701159599946,
    "results_end_to_end_latency_s_min": 0.6273644360003345,
    "results_end_to_end_latency_s_max": 4.657469467000283,
    "results_end_to_end_latency_s_stddev": 1.198416065947191,
    "results_request_output_throughput_token_per_s_quantiles_p25": 25.368167957975466,
    "results_request_output_throughput_token_per_s_quantiles_p50": 28.095237271206727,
    "results_request_output_throughput_token_per_s_quantiles_p75": 62.83415355217266,
    "results_request_output_throughput_token_per_s_quantiles_p90": 64.88828422015871,
    "results_request_output_throughput_token_per_s_quantiles_p95": 65.98648437327437,
    "results_request_output_throughput_token_per_s_quantiles_p99": 66.83191378755772,
    "results_request_output_throughput_token_per_s_mean": 43.64972625891542,
    "results_request_output_throughput_token_per_s_min": 1.5180148399766764,
    "results_request_output_throughput_token_per_s_max": 67.44841415615127,
    "results_request_output_throughput_token_per_s_stddev": 19.422481799511434,
    "results_number_input_tokens_quantiles_p25": 398.0,
    "results_number_input_tokens_quantiles_p50": 399.0,
    "results_number_input_tokens_quantiles_p75": 401.0,
    "results_number_input_tokens_quantiles_p90": 402.0,
    "results_number_input_tokens_quantiles_p95": 403.0,
    "results_number_input_tokens_quantiles_p99": 404.0,
    "results_number_input_tokens_mean": 399.49,
    "results_number_input_tokens_min": 394,
    "results_number_input_tokens_max": 406,
    "results_number_input_tokens_stddev": 2.006477486494078,
    "results_number_output_tokens_quantiles_p25": 115.0,
    "results_number_output_tokens_quantiles_p50": 119.0,
    "results_number_output_tokens_quantiles_p75": 121.0,
    "results_number_output_tokens_quantiles_p90": 124.0,
    "results_number_output_tokens_quantiles_p95": 126.0,
    "results_number_output_tokens_quantiles_p99": 128.01,
    "results_number_output_tokens_mean": 116.426,
    "results_number_output_tokens_min": 2,
    "results_number_output_tokens_max": 132,
    "results_number_output_tokens_stddev": 16.198435190017904,
    "results_num_requests_started": 500,
    "results_error_rate": 0.0,
    "results_number_errors": 0,
    "results_error_code_frequency": "{}",
    "results_mean_output_throughput_token_per_s": 215.87472168416693,
    "results_num_completed_requests": 500,
    "results_num_completed_requests_per_min": 111.25077990354401,
    "timestamp": 1714635617
}