{
    "version": "2023-08-31",
    "name": "llama-3-70b-instruct_100_400_summary",
    "model": "llama-3-70b-instruct",
    "mean_input_tokens": 100,
    "stddev_input_tokens": 2,
    "mean_output_tokens": 400,
    "stddev_output_tokens": 2,
    "num_concurrent_requests": 128,
    "results_inter_token_latency_s_quantiles_p25": 0.06853432874480789,
    "results_inter_token_latency_s_quantiles_p50": 0.17743146605928883,
    "results_inter_token_latency_s_quantiles_p75": 1.0779543829720932,
    "results_inter_token_latency_s_quantiles_p90": 1.4823355445445698,
    "results_inter_token_latency_s_quantiles_p95": 2.408445952404009,
    "results_inter_token_latency_s_quantiles_p99": 5.721857041025801,
    "results_inter_token_latency_s_mean": 1.0341505267386022,
    "results_inter_token_latency_s_min": 0.05011296446745779,
    "results_inter_token_latency_s_max": 56.31355551549996,
    "results_inter_token_latency_s_stddev": 4.284306974693205,
    "results_ttft_s_quantiles_p25": 3.4194957325000814,
    "results_ttft_s_quantiles_p50": 14.891635594000036,
    "results_ttft_s_quantiles_p75": 57.623227351750074,
    "results_ttft_s_quantiles_p90": 86.43864522350013,
    "results_ttft_s_quantiles_p95": 127.14764868810012,
    "results_ttft_s_quantiles_p99": 163.36450901477033,
    "results_ttft_s_mean": 34.91379362734581,
    "results_ttft_s_min": 1.4405603919999521,
    "results_ttft_s_max": 174.9507800690003,
    "results_ttft_s_stddev": 40.21943426212869,
    "results_end_to_end_latency_s_quantiles_p25": 9.38583182574996,
    "results_end_to_end_latency_s_quantiles_p50": 29.493442135000123,
    "results_end_to_end_latency_s_quantiles_p75": 83.164294428,
    "results_end_to_end_latency_s_quantiles_p90": 219.39999885360012,
    "results_end_to_end_latency_s_quantiles_p95": 384.44017600240005,
    "results_end_to_end_latency_s_quantiles_p99": 421.76732871778995,
    "results_end_to_end_latency_s_mean": 75.47139406089717,
    "results_end_to_end_latency_s_min": 1.4453605910002807,
    "results_end_to_end_latency_s_max": 443.8356881100001,
    "results_end_to_end_latency_s_stddev": 108.81681273227785,
    "results_request_output_throughput_token_per_s_quantiles_p25": 0.8318052843230139,
    "results_request_output_throughput_token_per_s_quantiles_p50": 4.816576919590912,
    "results_request_output_throughput_token_per_s_quantiles_p75": 12.565651493547644,
    "results_request_output_throughput_token_per_s_quantiles_p90": 13.45692929800159,
    "results_request_output_throughput_token_per_s_quantiles_p95": 14.111927046318755,
    "results_request_output_throughput_token_per_s_quantiles_p99": 15.448929033102036,
    "results_request_output_throughput_token_per_s_mean": 6.643430703791587,
    "results_request_output_throughput_token_per_s_min": 0.02663654770950916,
    "results_request_output_throughput_token_per_s_max": 16.443039447571557,
    "results_request_output_throughput_token_per_s_stddev": 5.781647825515171,
    "results_number_input_tokens_quantiles_p25": 98.0,
    "results_number_input_tokens_quantiles_p50": 100.0,
    "results_number_input_tokens_quantiles_p75": 101.0,
    "results_number_input_tokens_quantiles_p90": 102.0,
    "results_number_input_tokens_quantiles_p95": 103.0,
    "results_number_input_tokens_quantiles_p99": 104.0,
    "results_number_input_tokens_mean": 99.58878504672897,
    "results_number_input_tokens_min": 94,
    "results_number_input_tokens_max": 105,
    "results_number_input_tokens_stddev": 2.004470454594787,
    "results_number_output_tokens_quantiles_p25": 45.25,
    "results_number_output_tokens_quantiles_p50": 81.0,
    "results_number_output_tokens_quantiles_p75": 272.0,
    "results_number_output_tokens_quantiles_p90": 501.70000000000005,
    "results_number_output_tokens_quantiles_p95": 508.0,
    "results_number_output_tokens_quantiles_p99": 525.48,
    "results_number_output_tokens_mean": 176.66822429906543,
    "results_number_output_tokens_min": 2,
    "results_number_output_tokens_max": 586,
    "results_number_output_tokens_stddev": 178.24630113467595,
    "results_num_requests_started": 256,
    "results_error_rate": 0.1640625,
    "results_number_errors": 42,
    "results_error_code_frequency": "{-1.0: 40, 400.0: 2}",
    "results_mean_output_throughput_token_per_s": 42.17467903830464,
    "results_num_completed_requests": 214,
    "results_num_completed_requests_per_min": 14.323349613876571,
    "timestamp": 1714030306
}