{
    "version": "2023-08-31",
    "name": "llama-3-70b-instruct_100_400_summary",
    "model": "llama-3-70b-instruct",
    "mean_input_tokens": 100,
    "stddev_input_tokens": 2,
    "mean_output_tokens": 400,
    "stddev_output_tokens": 2,
    "num_concurrent_requests": 10,
    "results_inter_token_latency_s_quantiles_p25": 0.05440128500821337,
    "results_inter_token_latency_s_quantiles_p50": 0.05974911298853345,
    "results_inter_token_latency_s_quantiles_p75": 0.7097816766726667,
    "results_inter_token_latency_s_quantiles_p90": 0.8277299663183532,
    "results_inter_token_latency_s_quantiles_p95": 2.1688020151999297,
    "results_inter_token_latency_s_quantiles_p99": 20.046979553439844,
    "results_inter_token_latency_s_mean": 1.525110975822961,
    "results_inter_token_latency_s_min": 0.045806408327361006,
    "results_inter_token_latency_s_max": 24.516523937999864,
    "results_inter_token_latency_s_stddev": 5.422693307741223,
    "results_ttft_s_quantiles_p25": 2.6183500482495674,
    "results_ttft_s_quantiles_p50": 3.616400766499737,
    "results_ttft_s_quantiles_p75": 31.22091610324992,
    "results_ttft_s_quantiles_p90": 34.882564588200424,
    "results_ttft_s_quantiles_p95": 35.92623845100053,
    "results_ttft_s_quantiles_p99": 46.41168599099987,
    "results_ttft_s_mean": 14.872403183799952,
    "results_ttft_s_min": 1.6307592459997977,
    "results_ttft_s_max": 49.03304787599973,
    "results_ttft_s_stddev": 16.07444209494615,
    "results_end_to_end_latency_s_quantiles_p25": 3.206480299750183,
    "results_end_to_end_latency_s_quantiles_p50": 20.858703142000195,
    "results_end_to_end_latency_s_quantiles_p75": 39.0344508339997,
    "results_end_to_end_latency_s_quantiles_p90": 75.59810127269985,
    "results_end_to_end_latency_s_quantiles_p95": 316.52463783124966,
    "results_end_to_end_latency_s_quantiles_p99": 344.52098662544995,
    "results_end_to_end_latency_s_mean": 49.76410239330003,
    "results_end_to_end_latency_s_min": 1.6353960510004981,
    "results_end_to_end_latency_s_max": 351.52007382400006,
    "results_end_to_end_latency_s_stddev": 98.53346607937823,
    "results_request_output_throughput_token_per_s_quantiles_p25": 1.1786115723331012,
    "results_request_output_throughput_token_per_s_quantiles_p50": 14.72999522931528,
    "results_request_output_throughput_token_per_s_quantiles_p75": 15.86746065059797,
    "results_request_output_throughput_token_per_s_quantiles_p90": 17.355934990106295,
    "results_request_output_throughput_token_per_s_quantiles_p95": 17.47673481185382,
    "results_request_output_throughput_token_per_s_quantiles_p99": 17.497645285352743,
    "results_request_output_throughput_token_per_s_mean": 9.806173789232826,
    "results_request_output_throughput_token_per_s_min": 0.06118311281545518,
    "results_request_output_throughput_token_per_s_max": 17.502872903727475,
    "results_request_output_throughput_token_per_s_stddev": 7.471299456406438,
    "results_number_input_tokens_quantiles_p25": 99.0,
    "results_number_input_tokens_quantiles_p50": 100.0,
    "results_number_input_tokens_quantiles_p75": 102.0,
    "results_number_input_tokens_quantiles_p90": 103.0,
    "results_number_input_tokens_quantiles_p95": 103.05,
    "results_number_input_tokens_quantiles_p99": 103.81,
    "results_number_input_tokens_mean": 100.15,
    "results_number_input_tokens_min": 96,
    "results_number_input_tokens_max": 104,
    "results_number_input_tokens_stddev": 2.0844032340469205,
    "results_number_output_tokens_quantiles_p25": 49.25,
    "results_number_output_tokens_quantiles_p50": 62.0,
    "results_number_output_tokens_quantiles_p75": 173.25,
    "results_number_output_tokens_quantiles_p90": 490.7,
    "results_number_output_tokens_quantiles_p95": 497.2,
    "results_number_output_tokens_quantiles_p99": 500.24,
    "results_number_output_tokens_mean": 159.1,
    "results_number_output_tokens_min": 2,
    "results_number_output_tokens_max": 501,
    "results_number_output_tokens_stddev": 194.92829990861551,
    "results_num_requests_started": 20,
    "results_error_rate": 0.0,
    "results_number_errors": 0,
    "results_error_code_frequency": "{}",
    "results_mean_output_throughput_token_per_s": 4.752484632221917,
    "results_num_completed_requests": 20,
    "results_num_completed_requests_per_min": 1.792263217682684,
    "timestamp": 1714034403
}