{
    "version": "2023-08-31",
    "name": "meta-llama-Meta-Llama-3-8B-Instruct_400_100_summary",
    "model": "meta-llama/Meta-Llama-3-8B-Instruct",
    "mean_input_tokens": 400,
    "stddev_input_tokens": 2,
    "mean_output_tokens": 100,
    "stddev_output_tokens": 2,
    "num_concurrent_requests": 10,
    "results_inter_token_latency_s_quantiles_p25": 0.01611589911530773,
    "results_inter_token_latency_s_quantiles_p50": 0.01664793407439508,
    "results_inter_token_latency_s_quantiles_p75": 0.01730039909231408,
    "results_inter_token_latency_s_quantiles_p90": 0.017930275937979048,
    "results_inter_token_latency_s_quantiles_p95": 0.01816505334459702,
    "results_inter_token_latency_s_quantiles_p99": 0.018702445821026745,
    "results_inter_token_latency_s_mean": 0.016734334664563793,
    "results_inter_token_latency_s_min": 0.014724968284615269,
    "results_inter_token_latency_s_max": 0.019482955863631187,
    "results_inter_token_latency_s_stddev": 0.0008337655107516976,
    "results_ttft_s_quantiles_p25": 1.0025604977500961,
    "results_ttft_s_quantiles_p50": 1.0372820830000364,
    "results_ttft_s_quantiles_p75": 1.0729571519999013,
    "results_ttft_s_quantiles_p90": 1.1115021170000774,
    "results_ttft_s_quantiles_p95": 1.1315928849500438,
    "results_ttft_s_quantiles_p99": 1.195391119070009,
    "results_ttft_s_mean": 1.0422528762419911,
    "results_ttft_s_min": 0.9397388639999917,
    "results_ttft_s_max": 1.2094459330000973,
    "results_ttft_s_stddev": 0.05115685761638754,
    "results_end_to_end_latency_s_quantiles_p25": 2.034445380500074,
    "results_end_to_end_latency_s_quantiles_p50": 2.086866091499928,
    "results_end_to_end_latency_s_quantiles_p75": 2.1384461482499546,
    "results_end_to_end_latency_s_quantiles_p90": 2.1842585848,
    "results_end_to_end_latency_s_quantiles_p95": 2.221238671099923,
    "results_end_to_end_latency_s_quantiles_p99": 2.2720715759600716,
    "results_end_to_end_latency_s_mean": 2.0890743034119996,
    "results_end_to_end_latency_s_min": 1.919996552999919,
    "results_end_to_end_latency_s_max": 2.2952802550000797,
    "results_end_to_end_latency_s_stddev": 0.0734674135174266,
    "results_request_output_throughput_token_per_s_quantiles_p25": 47.123005285235095,
    "results_request_output_throughput_token_per_s_quantiles_p50": 48.32607790915217,
    "results_request_output_throughput_token_per_s_quantiles_p75": 49.37907396083686,
    "results_request_output_throughput_token_per_s_quantiles_p90": 50.17166375445565,
    "results_request_output_throughput_token_per_s_quantiles_p95": 50.58117822435271,
    "results_request_output_throughput_token_per_s_quantiles_p99": 51.27922115962934,
    "results_request_output_throughput_token_per_s_mean": 48.238579966627086,
    "results_request_output_throughput_token_per_s_min": 44.09937745848101,
    "results_request_output_throughput_token_per_s_max": 51.565495971426344,
    "results_request_output_throughput_token_per_s_stddev": 1.5503118753120184,
    "results_number_input_tokens_quantiles_p25": 398.0,
    "results_number_input_tokens_quantiles_p50": 400.0,
    "results_number_input_tokens_quantiles_p75": 401.0,
    "results_number_input_tokens_quantiles_p90": 402.0,
    "results_number_input_tokens_quantiles_p95": 403.0,
    "results_number_input_tokens_quantiles_p99": 404.0,
    "results_number_input_tokens_mean": 399.544,
    "results_number_input_tokens_min": 394,
    "results_number_input_tokens_max": 406,
    "results_number_input_tokens_stddev": 1.974807263368988,
    "results_number_output_tokens_quantiles_p25": 115.0,
    "results_number_output_tokens_quantiles_p50": 119.0,
    "results_number_output_tokens_quantiles_p75": 122.0,
    "results_number_output_tokens_quantiles_p90": 125.0,
    "results_number_output_tokens_quantiles_p95": 127.0,
    "results_number_output_tokens_quantiles_p99": 131.0,
    "results_number_output_tokens_mean": 118.706,
    "results_number_output_tokens_min": 103,
    "results_number_output_tokens_max": 134,
    "results_number_output_tokens_stddev": 4.889927072416023,
    "results_num_requests_started": 500,
    "results_error_rate": 0.0,
    "results_number_errors": 0,
    "results_error_code_frequency": "{}",
    "results_mean_output_throughput_token_per_s": 399.810002445973,
    "results_num_completed_requests": 500,
    "results_num_completed_requests_per_min": 202.08414188632736,
    "timestamp": 1714123418
}