{
    "version": "2023-08-31",
    "name": "Mistral-large_100_400_summary",
    "model": "Mistral-large",
    "mean_input_tokens": 100,
    "stddev_input_tokens": 2,
    "mean_output_tokens": 400,
    "stddev_output_tokens": 2,
    "num_concurrent_requests": 10,
    "results_inter_token_latency_s_quantiles_p25": 0.030685411687349996,
    "results_inter_token_latency_s_quantiles_p50": 0.031127110657075883,
    "results_inter_token_latency_s_quantiles_p75": 0.03172439647039452,
    "results_inter_token_latency_s_quantiles_p90": 0.03263355241567706,
    "results_inter_token_latency_s_quantiles_p95": 0.034007057211725616,
    "results_inter_token_latency_s_quantiles_p99": 0.04203473859373676,
    "results_inter_token_latency_s_mean": 0.033480418621241084,
    "results_inter_token_latency_s_min": 0.02926401231945243,
    "results_inter_token_latency_s_max": 0.8254052099998717,
    "results_inter_token_latency_s_stddev": 0.038853702691910866,
    "results_ttft_s_quantiles_p25": 1.4757972945001256,
    "results_ttft_s_quantiles_p50": 1.55088952899996,
    "results_ttft_s_quantiles_p75": 1.650520811999968,
    "results_ttft_s_quantiles_p90": 2.403602835000128,
    "results_ttft_s_quantiles_p95": 2.6531744309002985,
    "results_ttft_s_quantiles_p99": 3.3682683702601377,
    "results_ttft_s_mean": 1.684393896491643,
    "results_ttft_s_min": 0.9373089189998609,
    "results_ttft_s_max": 4.5623592469996765,
    "results_ttft_s_stddev": 0.43318327731398765,
    "results_end_to_end_latency_s_quantiles_p25": 9.552486115999955,
    "results_end_to_end_latency_s_quantiles_p50": 12.621774605000155,
    "results_end_to_end_latency_s_quantiles_p75": 12.81475580350002,
    "results_end_to_end_latency_s_quantiles_p90": 12.981762247200095,
    "results_end_to_end_latency_s_quantiles_p95": 13.113628519299983,
    "results_end_to_end_latency_s_quantiles_p99": 14.228450342060105,
    "results_end_to_end_latency_s_mean": 10.884100759446289,
    "results_end_to_end_latency_s_min": 1.6508939099999225,
    "results_end_to_end_latency_s_max": 15.057007363000139,
    "results_end_to_end_latency_s_stddev": 3.1697503374066325,
    "results_request_output_throughput_token_per_s_quantiles_p25": 28.423981224709294,
    "results_request_output_throughput_token_per_s_quantiles_p50": 28.89426948158122,
    "results_request_output_throughput_token_per_s_quantiles_p75": 29.647012300627466,
    "results_request_output_throughput_token_per_s_quantiles_p90": 30.63834618075684,
    "results_request_output_throughput_token_per_s_quantiles_p95": 31.003710203125607,
    "results_request_output_throughput_token_per_s_quantiles_p99": 31.333213323002127,
    "results_request_output_throughput_token_per_s_mean": 28.832173405314958,
    "results_request_output_throughput_token_per_s_min": 1.817197326750173,
    "results_request_output_throughput_token_per_s_max": 31.71981634233373,
    "results_request_output_throughput_token_per_s_stddev": 2.1171018261925614,
    "results_number_input_tokens_quantiles_p25": 98.0,
    "results_number_input_tokens_quantiles_p50": 100.0,
    "results_number_input_tokens_quantiles_p75": 101.0,
    "results_number_input_tokens_quantiles_p90": 102.0,
    "results_number_input_tokens_quantiles_p95": 103.0,
    "results_number_input_tokens_quantiles_p99": 104.0,
    "results_number_input_tokens_mean": 99.50596658711217,
    "results_number_input_tokens_min": 94,
    "results_number_input_tokens_max": 106,
    "results_number_input_tokens_stddev": 2.082471320981074,
    "results_number_output_tokens_quantiles_p25": 304.0,
    "results_number_output_tokens_quantiles_p50": 407.0,
    "results_number_output_tokens_quantiles_p75": 414.0,
    "results_number_output_tokens_quantiles_p90": 419.0,
    "results_number_output_tokens_quantiles_p95": 420.0,
    "results_number_output_tokens_quantiles_p99": 427.0,
    "results_number_output_tokens_mean": 347.3054892601432,
    "results_number_output_tokens_min": 2,
    "results_number_output_tokens_max": 432,
    "results_number_output_tokens_stddev": 104.7847291708271,
    "results_num_requests_started": 420,
    "results_error_rate": 0.002380952380952381,
    "results_number_errors": 1,
    "results_error_code_frequency": "{400.0: 1}",
    "results_mean_output_throughput_token_per_s": 240.8321018803065,
    "results_num_completed_requests": 419,
    "results_num_completed_requests_per_min": 41.60580975440593,
    "timestamp": 1715319971
}