{
    "version": "2023-08-31",
    "name": "Meta-Llama-3-70B-Instruct_100_400_summary",
    "model": "Meta-Llama-3-70B-Instruct",
    "mean_input_tokens": 100,
    "stddev_input_tokens": 2,
    "mean_output_tokens": 400,
    "stddev_output_tokens": 2,
    "num_concurrent_requests": 10,
    "results_inter_token_latency_s_quantiles_p25": 0.04829971591935968,
    "results_inter_token_latency_s_quantiles_p50": 0.2950807674158501,
    "results_inter_token_latency_s_quantiles_p75": 0.5920577766821953,
    "results_inter_token_latency_s_quantiles_p90": 0.6288936523076306,
    "results_inter_token_latency_s_quantiles_p95": 0.6383935066601588,
    "results_inter_token_latency_s_quantiles_p99": 0.6433337667926098,
    "results_inter_token_latency_s_mean": 0.32242339683397,
    "results_inter_token_latency_s_min": 0.04312698475632181,
    "results_inter_token_latency_s_max": 0.6445688318257226,
    "results_inter_token_latency_s_stddev": 0.2813224884564803,
    "results_ttft_s_quantiles_p25": 3.3822817430000214,
    "results_ttft_s_quantiles_p50": 23.273322185500092,
    "results_ttft_s_quantiles_p75": 48.83388746,
    "results_ttft_s_quantiles_p90": 60.3526936093999,
    "results_ttft_s_quantiles_p95": 63.485818082449896,
    "results_ttft_s_quantiles_p99": 69.53521299569,
    "results_ttft_s_mean": 28.267599256600004,
    "results_ttft_s_min": 2.581558761999986,
    "results_ttft_s_max": 71.04756172400005,
    "results_ttft_s_stddev": 26.597437938212355,
    "results_end_to_end_latency_s_quantiles_p25": 24.53721877875006,
    "results_end_to_end_latency_s_quantiles_p50": 167.88763733250005,
    "results_end_to_end_latency_s_quantiles_p75": 315.16129200474995,
    "results_end_to_end_latency_s_quantiles_p90": 317.7513381031,
    "results_end_to_end_latency_s_quantiles_p95": 317.7601999930001,
    "results_end_to_end_latency_s_quantiles_p99": 317.7636110097999,
    "results_end_to_end_latency_s_mean": 169.81954172745003,
    "results_end_to_end_latency_s_min": 23.900614008000048,
    "results_end_to_end_latency_s_max": 317.76446376399986,
    "results_end_to_end_latency_s_stddev": 149.1046558396462,
    "results_request_output_throughput_token_per_s_quantiles_p25": 1.273006218762051,
    "results_request_output_throughput_token_per_s_quantiles_p50": 8.588426681242451,
    "results_request_output_throughput_token_per_s_quantiles_p75": 16.276601539271095,
    "results_request_output_throughput_token_per_s_quantiles_p90": 16.579670520943907,
    "results_request_output_throughput_token_per_s_quantiles_p95": 16.67053446826345,
    "results_request_output_throughput_token_per_s_quantiles_p99": 16.689412321921473,
    "results_request_output_throughput_token_per_s_mean": 8.796164687772542,
    "results_request_output_throughput_token_per_s_min": 1.2525000287495653,
    "results_request_output_throughput_token_per_s_max": 16.69413178533598,
    "results_request_output_throughput_token_per_s_stddev": 7.723652773200581,
    "results_number_input_tokens_quantiles_p25": 98.75,
    "results_number_input_tokens_quantiles_p50": 99.0,
    "results_number_input_tokens_quantiles_p75": 101.0,
    "results_number_input_tokens_quantiles_p90": 102.0,
    "results_number_input_tokens_quantiles_p95": 102.0,
    "results_number_input_tokens_quantiles_p99": 102.0,
    "results_number_input_tokens_mean": 99.35,
    "results_number_input_tokens_min": 95,
    "results_number_input_tokens_max": 102,
    "results_number_input_tokens_stddev": 2.007223796297028,
    "results_number_output_tokens_quantiles_p25": 496.25,
    "results_number_output_tokens_quantiles_p50": 520.5,
    "results_number_output_tokens_quantiles_p75": 542.25,
    "results_number_output_tokens_quantiles_p90": 562.3,
    "results_number_output_tokens_quantiles_p95": 566.25,
    "results_number_output_tokens_quantiles_p99": 585.25,
    "results_number_output_tokens_mean": 515.8,
    "results_number_output_tokens_min": 428,
    "results_number_output_tokens_max": 590,
    "results_number_output_tokens_stddev": 41.11805852471765,
    "results_num_requests_started": 20,
    "results_error_rate": 0.0,
    "results_number_errors": 0,
    "results_error_code_frequency": "{}",
    "results_mean_output_throughput_token_per_s": 16.197682397235635,
    "results_num_completed_requests": 20,
    "results_num_completed_requests_per_min": 1.8841817445407874,
    "timestamp": 1713530091
}