{
    "version": "2023-08-31",
    "name": "Mistral-large_400_100_summary",
    "model": "Mistral-large",
    "mean_input_tokens": 400,
    "stddev_input_tokens": 2,
    "mean_output_tokens": 100,
    "stddev_output_tokens": 2,
    "num_concurrent_requests": 10,
    "results_inter_token_latency_s_quantiles_p25": 0.025964677129111716,
    "results_inter_token_latency_s_quantiles_p50": 0.02653877732248045,
    "results_inter_token_latency_s_quantiles_p75": 0.02712902117484155,
    "results_inter_token_latency_s_quantiles_p90": 0.02780951156413339,
    "results_inter_token_latency_s_quantiles_p95": 0.02841007977850136,
    "results_inter_token_latency_s_quantiles_p99": 0.06300743277187479,
    "results_inter_token_latency_s_mean": 0.03407296151355097,
    "results_inter_token_latency_s_min": 0.024508860796298444,
    "results_inter_token_latency_s_max": 0.8140382445000114,
    "results_inter_token_latency_s_stddev": 0.07313845561851288,
    "results_ttft_s_quantiles_p25": 1.4763543972499775,
    "results_ttft_s_quantiles_p50": 1.5363576124999838,
    "results_ttft_s_quantiles_p75": 1.6028706999999827,
    "results_ttft_s_quantiles_p90": 1.7355567009000084,
    "results_ttft_s_quantiles_p95": 2.30890816765,
    "results_ttft_s_quantiles_p99": 2.4557125517299956,
    "results_ttft_s_mean": 1.5988334612919983,
    "results_ttft_s_min": 1.099080760999982,
    "results_ttft_s_max": 2.5952697239999907,
    "results_ttft_s_stddev": 0.24098122957162404,
    "results_end_to_end_latency_s_quantiles_p25": 2.7794643064999747,
    "results_end_to_end_latency_s_quantiles_p50": 2.824535647999994,
    "results_end_to_end_latency_s_quantiles_p75": 2.8825712605000007,
    "results_end_to_end_latency_s_quantiles_p90": 2.929793805300028,
    "results_end_to_end_latency_s_quantiles_p95": 2.971603169550013,
    "results_end_to_end_latency_s_quantiles_p99": 3.0969933792799824,
    "results_end_to_end_latency_s_mean": 2.8223910633780007,
    "results_end_to_end_latency_s_min": 1.3866619229999628,
    "results_end_to_end_latency_s_max": 3.1530759720000106,
    "results_end_to_end_latency_s_stddev": 0.15479407117019128,
    "results_request_output_throughput_token_per_s_quantiles_p25": 32.3289991386027,
    "results_request_output_throughput_token_per_s_quantiles_p50": 33.03578695784799,
    "results_request_output_throughput_token_per_s_quantiles_p75": 33.6448435443006,
    "results_request_output_throughput_token_per_s_quantiles_p90": 34.110810028541394,
    "results_request_output_throughput_token_per_s_quantiles_p95": 34.659511173301944,
    "results_request_output_throughput_token_per_s_quantiles_p99": 36.48489378732745,
    "results_request_output_throughput_token_per_s_mean": 32.6270352323292,
    "results_request_output_throughput_token_per_s_min": 1.8425470178460732,
    "results_request_output_throughput_token_per_s_max": 36.762614600627465,
    "results_request_output_throughput_token_per_s_stddev": 3.4873471101792393,
    "results_number_input_tokens_quantiles_p25": 398.0,
    "results_number_input_tokens_quantiles_p50": 399.0,
    "results_number_input_tokens_quantiles_p75": 401.0,
    "results_number_input_tokens_quantiles_p90": 402.0,
    "results_number_input_tokens_quantiles_p95": 402.04999999999995,
    "results_number_input_tokens_quantiles_p99": 404.0,
    "results_number_input_tokens_mean": 399.304,
    "results_number_input_tokens_min": 393,
    "results_number_input_tokens_max": 405,
    "results_number_input_tokens_stddev": 1.927437165786758,
    "results_number_output_tokens_quantiles_p25": 101.0,
    "results_number_output_tokens_quantiles_p50": 103.0,
    "results_number_output_tokens_quantiles_p75": 105.0,
    "results_number_output_tokens_quantiles_p90": 107.0,
    "results_number_output_tokens_quantiles_p95": 108.0,
    "results_number_output_tokens_quantiles_p99": 110.0,
    "results_number_output_tokens_mean": 101.556,
    "results_number_output_tokens_min": 2,
    "results_number_output_tokens_max": 110,
    "results_number_output_tokens_stddev": 11.2268851379089,
    "results_num_requests_started": 500,
    "results_error_rate": 0.0,
    "results_number_errors": 0,
    "results_error_code_frequency": "{}",
    "results_mean_output_throughput_token_per_s": 241.1547940370738,
    "results_num_completed_requests": 500,
    "results_num_completed_requests_per_min": 142.4759506304347,
    "timestamp": 1715325548
}