{
    "version": "2023-08-31",
    "name": "llama-3-70b-instruct_100_400_summary",
    "model": "llama-3-70b-instruct",
    "mean_input_tokens": 100,
    "stddev_input_tokens": 2,
    "mean_output_tokens": 400,
    "stddev_output_tokens": 2,
    "num_concurrent_requests": 16,
    "results_inter_token_latency_s_quantiles_p25": 0.05215434675664472,
    "results_inter_token_latency_s_quantiles_p50": 0.06275725518517666,
    "results_inter_token_latency_s_quantiles_p75": 0.7870096101756869,
    "results_inter_token_latency_s_quantiles_p90": 0.8598520998697537,
    "results_inter_token_latency_s_quantiles_p95": 0.8858593477430122,
    "results_inter_token_latency_s_quantiles_p99": 0.9023395136608078,
    "results_inter_token_latency_s_mean": 0.36778388388187033,
    "results_inter_token_latency_s_min": 0.04606723719961708,
    "results_inter_token_latency_s_max": 0.9042922535624976,
    "results_inter_token_latency_s_stddev": 0.3721437793204758,
    "results_ttft_s_quantiles_p25": 2.521897562000049,
    "results_ttft_s_quantiles_p50": 4.056019843000286,
    "results_ttft_s_quantiles_p75": 33.3762019235005,
    "results_ttft_s_quantiles_p90": 43.30693392160047,
    "results_ttft_s_quantiles_p95": 50.318331519099374,
    "results_ttft_s_quantiles_p99": 53.87965200432005,
    "results_ttft_s_mean": 17.878277364957476,
    "results_ttft_s_min": 1.2436856340000304,
    "results_ttft_s_max": 54.63697395100007,
    "results_ttft_s_stddev": 18.59485623714202,
    "results_end_to_end_latency_s_quantiles_p25": 3.7202827970004364,
    "results_end_to_end_latency_s_quantiles_p50": 23.506698213999698,
    "results_end_to_end_latency_s_quantiles_p75": 47.574794054999984,
    "results_end_to_end_latency_s_quantiles_p90": 70.95930817639999,
    "results_end_to_end_latency_s_quantiles_p95": 202.17503285939998,
    "results_end_to_end_latency_s_quantiles_p99": 351.39692563342,
    "results_end_to_end_latency_s_mean": 44.6678800667873,
    "results_end_to_end_latency_s_min": 1.2481764450003539,
    "results_end_to_end_latency_s_max": 368.4824774609997,
    "results_end_to_end_latency_s_stddev": 77.26500505446738,
    "results_request_output_throughput_token_per_s_quantiles_p25": 1.1501683347277316,
    "results_request_output_throughput_token_per_s_quantiles_p50": 14.296697795284242,
    "results_request_output_throughput_token_per_s_quantiles_p75": 16.412129486483206,
    "results_request_output_throughput_token_per_s_quantiles_p90": 16.970004165807644,
    "results_request_output_throughput_token_per_s_quantiles_p95": 17.12399893050628,
    "results_request_output_throughput_token_per_s_quantiles_p99": 17.315929263484627,
    "results_request_output_throughput_token_per_s_mean": 9.539098167669316,
    "results_request_output_throughput_token_per_s_min": 0.9676051226519644,
    "results_request_output_throughput_token_per_s_max": 17.45211117637691,
    "results_request_output_throughput_token_per_s_stddev": 7.405774829372885,
    "results_number_input_tokens_quantiles_p25": 99.0,
    "results_number_input_tokens_quantiles_p50": 100.0,
    "results_number_input_tokens_quantiles_p75": 101.0,
    "results_number_input_tokens_quantiles_p90": 103.0,
    "results_number_input_tokens_quantiles_p95": 103.0,
    "results_number_input_tokens_quantiles_p99": 105.08,
    "results_number_input_tokens_mean": 100.08510638297872,
    "results_number_input_tokens_min": 96,
    "results_number_input_tokens_max": 106,
    "results_number_input_tokens_stddev": 2.062393999742959,
    "results_number_output_tokens_quantiles_p25": 48.0,
    "results_number_output_tokens_quantiles_p50": 66.0,
    "results_number_output_tokens_quantiles_p75": 257.5,
    "results_number_output_tokens_quantiles_p90": 500.0,
    "results_number_output_tokens_quantiles_p95": 502.4,
    "results_number_output_tokens_quantiles_p99": 505.08,
    "results_number_output_tokens_mean": 162.82978723404256,
    "results_number_output_tokens_min": 22,
    "results_number_output_tokens_max": 506,
    "results_number_output_tokens_stddev": 175.83976390934126,
    "results_num_requests_started": 48,
    "results_error_rate": 0.020833333333333332,
    "results_number_errors": 1,
    "results_error_code_frequency": "{400.0: 1}",
    "results_mean_output_throughput_token_per_s": 9.915692430301588,
    "results_num_completed_requests": 47,
    "results_num_completed_requests_per_min": 3.6537635768261434,
    "timestamp": 1714033617
}