{
    "version": "2023-08-31",
    "name": "Mistral-large-france_400_1600_summary",
    "model": "Mistral-large-france",
    "mean_input_tokens": 400,
    "stddev_input_tokens": 2,
    "mean_output_tokens": 1600,
    "stddev_output_tokens": 2,
    "num_concurrent_requests": 1000,
    "results_inter_token_latency_s_quantiles_p25": 0.05218172409539025,
    "results_inter_token_latency_s_quantiles_p50": 0.053812927592206156,
    "results_inter_token_latency_s_quantiles_p75": 0.05595170804374466,
    "results_inter_token_latency_s_quantiles_p90": 0.06242048612185686,
    "results_inter_token_latency_s_quantiles_p95": 0.08304645666720327,
    "results_inter_token_latency_s_quantiles_p99": 0.13254100951164757,
    "results_inter_token_latency_s_mean": 0.06132374162348955,
    "results_inter_token_latency_s_min": 0.04670824744971065,
    "results_inter_token_latency_s_max": 1.2101928333333187,
    "results_inter_token_latency_s_stddev": 0.06412328731922508,
    "results_ttft_s_quantiles_p25": 2.658236617750106,
    "results_ttft_s_quantiles_p50": 2.8452649059998976,
    "results_ttft_s_quantiles_p75": 3.0639095669997687,
    "results_ttft_s_quantiles_p90": 3.3891443506000094,
    "results_ttft_s_quantiles_p95": 4.472646179450134,
    "results_ttft_s_quantiles_p99": 6.699701807119772,
    "results_ttft_s_mean": 3.0204019355534912,
    "results_ttft_s_min": 1.686505770000167,
    "results_ttft_s_max": 9.151101433999884,
    "results_ttft_s_stddev": 0.8005365357016545,
    "results_end_to_end_latency_s_quantiles_p25": 19.985561703749966,
    "results_end_to_end_latency_s_quantiles_p50": 27.258367597000074,
    "results_end_to_end_latency_s_quantiles_p75": 47.455698774749976,
    "results_end_to_end_latency_s_quantiles_p90": 82.83955848699985,
    "results_end_to_end_latency_s_quantiles_p95": 87.30422187359999,
    "results_end_to_end_latency_s_quantiles_p99": 103.88025180236005,
    "results_end_to_end_latency_s_mean": 37.54335607590301,
    "results_end_to_end_latency_s_min": 2.7132838379998248,
    "results_end_to_end_latency_s_max": 174.75861052500022,
    "results_end_to_end_latency_s_stddev": 24.207907505614347,
    "results_request_output_throughput_token_per_s_quantiles_p25": 17.382076259841547,
    "results_request_output_throughput_token_per_s_quantiles_p50": 18.06006233271483,
    "results_request_output_throughput_token_per_s_quantiles_p75": 18.60690736193366,
    "results_request_output_throughput_token_per_s_quantiles_p90": 19.161258788743297,
    "results_request_output_throughput_token_per_s_quantiles_p95": 19.410566020039777,
    "results_request_output_throughput_token_per_s_quantiles_p99": 19.90751105584364,
    "results_request_output_throughput_token_per_s_mean": 17.43209104794577,
    "results_request_output_throughput_token_per_s_min": 0.8262918811834279,
    "results_request_output_throughput_token_per_s_max": 20.49845847392654,
    "results_request_output_throughput_token_per_s_stddev": 2.506442911097109,
    "results_number_input_tokens_quantiles_p25": 398.0,
    "results_number_input_tokens_quantiles_p50": 400.0,
    "results_number_input_tokens_quantiles_p75": 401.0,
    "results_number_input_tokens_quantiles_p90": 402.0,
    "results_number_input_tokens_quantiles_p95": 403.0,
    "results_number_input_tokens_quantiles_p99": 404.0,
    "results_number_input_tokens_mean": 399.522,
    "results_number_input_tokens_min": 392,
    "results_number_input_tokens_max": 406,
    "results_number_input_tokens_stddev": 2.0436742162465897,
    "results_number_output_tokens_quantiles_p25": 358.0,
    "results_number_output_tokens_quantiles_p50": 482.0,
    "results_number_output_tokens_quantiles_p75": 815.25,
    "results_number_output_tokens_quantiles_p90": 1608.1000000000001,
    "results_number_output_tokens_quantiles_p95": 1643.05,
    "results_number_output_tokens_quantiles_p99": 1662.02,
    "results_number_output_tokens_mean": 664.739,
    "results_number_output_tokens_min": 3,
    "results_number_output_tokens_max": 1702,
    "results_number_output_tokens_stddev": 423.8272780978472,
    "results_num_requests_started": 2000,
    "results_error_rate": 0.0,
    "results_number_errors": 0,
    "results_error_code_frequency": "{}",
    "results_mean_output_throughput_token_per_s": 2204.989784453736,
    "results_num_completed_requests": 2000,
    "results_num_completed_requests_per_min": 199.02456011641283,
    "timestamp": 1710855472
}