{
    "version": "2023-08-31",
    "name": "Mistral-large-france_400_1600_summary",
    "model": "Mistral-large-france",
    "mean_input_tokens": 400,
    "stddev_input_tokens": 2,
    "mean_output_tokens": 1600,
    "stddev_output_tokens": 2,
    "num_concurrent_requests": 1000,
    "results_inter_token_latency_s_quantiles_p25": 0.05173263028339737,
    "results_inter_token_latency_s_quantiles_p50": 0.053272093944133556,
    "results_inter_token_latency_s_quantiles_p75": 0.054919308316281834,
    "results_inter_token_latency_s_quantiles_p90": 0.0589590742254664,
    "results_inter_token_latency_s_quantiles_p95": 0.07174479019572871,
    "results_inter_token_latency_s_quantiles_p99": 0.11005055787538454,
    "results_inter_token_latency_s_mean": 0.05986579519610884,
    "results_inter_token_latency_s_min": 0.046509432810658655,
    "results_inter_token_latency_s_max": 1.4905740903335147,
    "results_inter_token_latency_s_stddev": 0.06797283709224625,
    "results_ttft_s_quantiles_p25": 2.6350968984997962,
    "results_ttft_s_quantiles_p50": 2.8069997180000428,
    "results_ttft_s_quantiles_p75": 3.023677215500129,
    "results_ttft_s_quantiles_p90": 3.3138337771997617,
    "results_ttft_s_quantiles_p95": 3.865897126300023,
    "results_ttft_s_quantiles_p99": 8.429283464099653,
    "results_ttft_s_mean": 3.0068173783571823,
    "results_ttft_s_min": 1.6160338159997991,
    "results_ttft_s_max": 21.76464971400037,
    "results_ttft_s_stddev": 1.3127722594187055,
    "results_end_to_end_latency_s_quantiles_p25": 19.587665224000148,
    "results_end_to_end_latency_s_quantiles_p50": 27.78379519399914,
    "results_end_to_end_latency_s_quantiles_p75": 46.6272293574998,
    "results_end_to_end_latency_s_quantiles_p90": 81.63343338699978,
    "results_end_to_end_latency_s_quantiles_p95": 85.63773255260003,
    "results_end_to_end_latency_s_quantiles_p99": 95.1915494628401,
    "results_end_to_end_latency_s_mean": 36.8140670813026,
    "results_end_to_end_latency_s_min": 2.3074151370001346,
    "results_end_to_end_latency_s_max": 139.34563193800022,
    "results_end_to_end_latency_s_stddev": 22.6972631411716,
    "results_request_output_throughput_token_per_s_quantiles_p25": 17.689680174398262,
    "results_request_output_throughput_token_per_s_quantiles_p50": 18.258177477125376,
    "results_request_output_throughput_token_per_s_quantiles_p75": 18.775029664831077,
    "results_request_output_throughput_token_per_s_quantiles_p90": 19.252062350329364,
    "results_request_output_throughput_token_per_s_quantiles_p95": 19.54916548392081,
    "results_request_output_throughput_token_per_s_quantiles_p99": 19.98312731683187,
    "results_request_output_throughput_token_per_s_mean": 17.80151124879828,
    "results_request_output_throughput_token_per_s_min": 0.6708579537027876,
    "results_request_output_throughput_token_per_s_max": 20.570021388110256,
    "results_request_output_throughput_token_per_s_stddev": 2.1515515715720763,
    "results_number_input_tokens_quantiles_p25": 398.0,
    "results_number_input_tokens_quantiles_p50": 400.0,
    "results_number_input_tokens_quantiles_p75": 401.0,
    "results_number_input_tokens_quantiles_p90": 402.0,
    "results_number_input_tokens_quantiles_p95": 403.0,
    "results_number_input_tokens_quantiles_p99": 404.0,
    "results_number_input_tokens_mean": 399.5462731365683,
    "results_number_input_tokens_min": 393,
    "results_number_input_tokens_max": 406,
    "results_number_input_tokens_stddev": 2.046441494454202,
    "results_number_output_tokens_quantiles_p25": 358.0,
    "results_number_output_tokens_quantiles_p50": 495.0,
    "results_number_output_tokens_quantiles_p75": 849.5,
    "results_number_output_tokens_quantiles_p90": 1610.2,
    "results_number_output_tokens_quantiles_p95": 1645.0,
    "results_number_output_tokens_quantiles_p99": 1660.0,
    "results_number_output_tokens_mean": 675.2201100550275,
    "results_number_output_tokens_min": 3,
    "results_number_output_tokens_max": 1697,
    "results_number_output_tokens_stddev": 425.6450037825339,
    "results_num_requests_started": 2000,
    "results_error_rate": 0.0005,
    "results_number_errors": 1,
    "results_error_code_frequency": "{500.0: 1}",
    "results_mean_output_throughput_token_per_s": 2068.349595088007,
    "results_num_completed_requests": 1999,
    "results_num_completed_requests_per_min": 183.79336435220614,
    "timestamp": 1710857773
}