{
    "version": "2023-08-31",
    "name": "Mistral-large-Sweden_300_1700_summary",
    "model": "Mistral-large-Sweden",
    "mean_input_tokens": 300,
    "stddev_input_tokens": 2,
    "mean_output_tokens": 1700,
    "stddev_output_tokens": 2,
    "num_concurrent_requests": 1000,
    "results_inter_token_latency_s_quantiles_p25": 0.041563820742660865,
    "results_inter_token_latency_s_quantiles_p50": 0.04299992443192472,
    "results_inter_token_latency_s_quantiles_p75": 0.04441302063357064,
    "results_inter_token_latency_s_quantiles_p90": 0.046864843996394526,
    "results_inter_token_latency_s_quantiles_p95": 0.04987780245140432,
    "results_inter_token_latency_s_quantiles_p99": 0.056874455513672074,
    "results_inter_token_latency_s_mean": 0.04752727055732505,
    "results_inter_token_latency_s_min": 0.03720602112254225,
    "results_inter_token_latency_s_max": 1.5287509693333352,
    "results_inter_token_latency_s_stddev": 0.060317178649930615,
    "results_ttft_s_quantiles_p25": 2.230905899999982,
    "results_ttft_s_quantiles_p50": 2.360394098000029,
    "results_ttft_s_quantiles_p75": 2.5153903597499863,
    "results_ttft_s_quantiles_p90": 2.7365729821,
    "results_ttft_s_quantiles_p95": 2.971820646800003,
    "results_ttft_s_quantiles_p99": 3.568408050850016,
    "results_ttft_s_mean": 2.4098636371104787,
    "results_ttft_s_min": 1.402099532999955,
    "results_ttft_s_max": 4.618316481999955,
    "results_ttft_s_stddev": 0.31899080737925145,
    "results_end_to_end_latency_s_quantiles_p25": 12.723090853999949,
    "results_end_to_end_latency_s_quantiles_p50": 19.777554148999968,
    "results_end_to_end_latency_s_quantiles_p75": 35.048575196749965,
    "results_end_to_end_latency_s_quantiles_p90": 69.56068324819995,
    "results_end_to_end_latency_s_quantiles_p95": 73.57246202865001,
    "results_end_to_end_latency_s_quantiles_p99": 76.77277681958998,
    "results_end_to_end_latency_s_mean": 27.881263224379396,
    "results_end_to_end_latency_s_min": 1.8592061209999429,
    "results_end_to_end_latency_s_max": 81.42386973799995,
    "results_end_to_end_latency_s_stddev": 20.286752311892254,
    "results_request_output_throughput_token_per_s_quantiles_p25": 21.798300631273968,
    "results_request_output_throughput_token_per_s_quantiles_p50": 22.54821940181862,
    "results_request_output_throughput_token_per_s_quantiles_p75": 23.294417163875885,
    "results_request_output_throughput_token_per_s_quantiles_p90": 24.03940563716044,
    "results_request_output_throughput_token_per_s_quantiles_p95": 24.465945544110273,
    "results_request_output_throughput_token_per_s_quantiles_p99": 25.234084965676878,
    "results_request_output_throughput_token_per_s_mean": 22.310268447929896,
    "results_request_output_throughput_token_per_s_min": 0.6541111478155844,
    "results_request_output_throughput_token_per_s_max": 26.35469717862726,
    "results_request_output_throughput_token_per_s_stddev": 2.10921082138501,
    "results_number_input_tokens_quantiles_p25": 298.0,
    "results_number_input_tokens_quantiles_p50": 299.0,
    "results_number_input_tokens_quantiles_p75": 301.0,
    "results_number_input_tokens_quantiles_p90": 302.0,
    "results_number_input_tokens_quantiles_p95": 303.0,
    "results_number_input_tokens_quantiles_p99": 304.0,
    "results_number_input_tokens_mean": 299.4722711267606,
    "results_number_input_tokens_min": 293,
    "results_number_input_tokens_max": 306,
    "results_number_input_tokens_stddev": 2.0099108336488003,
    "results_number_output_tokens_quantiles_p25": 281.0,
    "results_number_output_tokens_quantiles_p50": 454.0,
    "results_number_output_tokens_quantiles_p75": 816.25,
    "results_number_output_tokens_quantiles_p90": 1727.0,
    "results_number_output_tokens_quantiles_p95": 1749.0,
    "results_number_output_tokens_quantiles_p99": 1767.29,
    "results_number_output_tokens_mean": 651.2772887323944,
    "results_number_output_tokens_min": 3,
    "results_number_output_tokens_max": 1840,
    "results_number_output_tokens_stddev": 491.9635579631481,
    "results_num_requests_started": 2272,
    "results_error_rate": 0.0,
    "results_number_errors": 0,
    "results_error_code_frequency": "{}",
    "results_mean_output_throughput_token_per_s": 2458.783432482074,
    "results_num_completed_requests": 2272,
    "results_num_completed_requests_per_min": 226.51950022096096,
    "timestamp": 1710870072
}