{
    "version": "2023-08-31",
    "name": "Mistral-large-Sweden_100_1900_summary",
    "model": "Mistral-large-Sweden",
    "mean_input_tokens": 100,
    "stddev_input_tokens": 2,
    "mean_output_tokens": 1900,
    "stddev_output_tokens": 2,
    "num_concurrent_requests": 1000,
    "results_inter_token_latency_s_quantiles_p25": 0.04080825659823346,
    "results_inter_token_latency_s_quantiles_p50": 0.04275698894780561,
    "results_inter_token_latency_s_quantiles_p75": 0.044552947867454736,
    "results_inter_token_latency_s_quantiles_p90": 0.046986534134225544,
    "results_inter_token_latency_s_quantiles_p95": 0.04850196686191584,
    "results_inter_token_latency_s_quantiles_p99": 0.052583450153112866,
    "results_inter_token_latency_s_mean": 0.04494628801353135,
    "results_inter_token_latency_s_min": 0.03628956550767837,
    "results_inter_token_latency_s_max": 0.8733177606663958,
    "results_inter_token_latency_s_stddev": 0.038015865653287365,
    "results_ttft_s_quantiles_p25": 2.1882891672494225,
    "results_ttft_s_quantiles_p50": 2.3256308975005595,
    "results_ttft_s_quantiles_p75": 2.4705353614999694,
    "results_ttft_s_quantiles_p90": 2.5974727945003906,
    "results_ttft_s_quantiles_p95": 2.678077593699436,
    "results_ttft_s_quantiles_p99": 2.8531184077408933,
    "results_ttft_s_mean": 2.3341524668043623,
    "results_ttft_s_min": 1.7254144990001805,
    "results_ttft_s_max": 4.323179348000849,
    "results_ttft_s_stddev": 0.21709195832263745,
    "results_end_to_end_latency_s_quantiles_p25": 9.420153318748817,
    "results_end_to_end_latency_s_quantiles_p50": 22.398985553500097,
    "results_end_to_end_latency_s_quantiles_p75": 75.1188858760006,
    "results_end_to_end_latency_s_quantiles_p90": 81.96407981560023,
    "results_end_to_end_latency_s_quantiles_p95": 83.42669191935029,
    "results_end_to_end_latency_s_quantiles_p99": 85.0934272611405,
    "results_end_to_end_latency_s_mean": 35.49143137918293,
    "results_end_to_end_latency_s_min": 1.950278120000803,
    "results_end_to_end_latency_s_max": 86.1834749539994,
    "results_end_to_end_latency_s_stddev": 30.135409905542403,
    "results_request_output_throughput_token_per_s_quantiles_p25": 21.611075857427316,
    "results_request_output_throughput_token_per_s_quantiles_p50": 22.65989892061918,
    "results_request_output_throughput_token_per_s_quantiles_p75": 23.72451918057057,
    "results_request_output_throughput_token_per_s_quantiles_p90": 24.602801644242327,
    "results_request_output_throughput_token_per_s_quantiles_p95": 25.037241151529685,
    "results_request_output_throughput_token_per_s_quantiles_p99": 25.624392873500017,
    "results_request_output_throughput_token_per_s_mean": 22.510088592486753,
    "results_request_output_throughput_token_per_s_min": 1.1450163260974653,
    "results_request_output_throughput_token_per_s_max": 26.550591769652396,
    "results_request_output_throughput_token_per_s_stddev": 1.9692332265169619,
    "results_number_input_tokens_quantiles_p25": 98.0,
    "results_number_input_tokens_quantiles_p50": 99.0,
    "results_number_input_tokens_quantiles_p75": 101.0,
    "results_number_input_tokens_quantiles_p90": 102.0,
    "results_number_input_tokens_quantiles_p95": 103.0,
    "results_number_input_tokens_quantiles_p99": 104.0,
    "results_number_input_tokens_mean": 99.49682971014492,
    "results_number_input_tokens_min": 92,
    "results_number_input_tokens_max": 108,
    "results_number_input_tokens_stddev": 2.015793757112755,
    "results_number_output_tokens_quantiles_p25": 213.5,
    "results_number_output_tokens_quantiles_p50": 527.0,
    "results_number_output_tokens_quantiles_p75": 1896.0,
    "results_number_output_tokens_quantiles_p90": 1958.0,
    "results_number_output_tokens_quantiles_p95": 1972.0,
    "results_number_output_tokens_quantiles_p99": 2004.8599999999997,
    "results_number_output_tokens_mean": 850.0901268115942,
    "results_number_output_tokens_min": 3,
    "results_number_output_tokens_max": 2111,
    "results_number_output_tokens_stddev": 737.1690657951982,
    "results_num_requests_started": 2235,
    "results_error_rate": 0.012080536912751677,
    "results_number_errors": 27,
    "results_error_code_frequency": "{424.0: 14, 500.0: 13}",
    "results_mean_output_throughput_token_per_s": 3117.148163438031,
    "results_num_completed_requests": 2208,
    "results_num_completed_requests_per_min": 220.01065993762936,
    "timestamp": 1710866852
}