{
    "version": "2023-08-31",
    "name": "Mistral-large-Sweden_400_1600_summary",
    "model": "Mistral-large-Sweden",
    "mean_input_tokens": 400,
    "stddev_input_tokens": 2,
    "mean_output_tokens": 1600,
    "stddev_output_tokens": 2,
    "num_concurrent_requests": 1000,
    "results_inter_token_latency_s_quantiles_p25": 0.04120613625737059,
    "results_inter_token_latency_s_quantiles_p50": 0.042586479369159415,
    "results_inter_token_latency_s_quantiles_p75": 0.04384123040662752,
    "results_inter_token_latency_s_quantiles_p90": 0.0451257552356692,
    "results_inter_token_latency_s_quantiles_p95": 0.04598216860582987,
    "results_inter_token_latency_s_quantiles_p99": 0.051939695932929394,
    "results_inter_token_latency_s_mean": 0.047023502347167415,
    "results_inter_token_latency_s_min": 0.03669859068026018,
    "results_inter_token_latency_s_max": 0.8603968776666685,
    "results_inter_token_latency_s_stddev": 0.05699631584618215,
    "results_ttft_s_quantiles_p25": 2.2287354009999945,
    "results_ttft_s_quantiles_p50": 2.3539475390007283,
    "results_ttft_s_quantiles_p75": 2.492813720999493,
    "results_ttft_s_quantiles_p90": 2.6295100100998754,
    "results_ttft_s_quantiles_p95": 2.7425256659989823,
    "results_ttft_s_quantiles_p99": 3.0387901921203775,
    "results_ttft_s_mean": 2.3682354184973815,
    "results_ttft_s_min": 1.3508071769992966,
    "results_ttft_s_max": 7.537470788998689,
    "results_ttft_s_stddev": 0.2608831252314151,
    "results_end_to_end_latency_s_quantiles_p25": 15.493569855000715,
    "results_end_to_end_latency_s_quantiles_p50": 20.581218088999776,
    "results_end_to_end_latency_s_quantiles_p75": 33.58539046724991,
    "results_end_to_end_latency_s_quantiles_p90": 63.09285129169985,
    "results_end_to_end_latency_s_quantiles_p95": 67.74055395374934,
    "results_end_to_end_latency_s_quantiles_p99": 70.52761163937942,
    "results_end_to_end_latency_s_mean": 27.690240129005762,
    "results_end_to_end_latency_s_min": 1.878285243999926,
    "results_end_to_end_latency_s_max": 73.56488758999876,
    "results_end_to_end_latency_s_stddev": 16.92580446537124,
    "results_request_output_throughput_token_per_s_quantiles_p25": 22.182014395361474,
    "results_request_output_throughput_token_per_s_quantiles_p50": 22.78042602419793,
    "results_request_output_throughput_token_per_s_quantiles_p75": 23.57989793130597,
    "results_request_output_throughput_token_per_s_quantiles_p90": 24.42190472064965,
    "results_request_output_throughput_token_per_s_quantiles_p95": 24.79796739757139,
    "results_request_output_throughput_token_per_s_quantiles_p99": 25.436667718833846,
    "results_request_output_throughput_token_per_s_mean": 22.73098830603127,
    "results_request_output_throughput_token_per_s_min": 1.1622032327697591,
    "results_request_output_throughput_token_per_s_max": 26.194815572907373,
    "results_request_output_throughput_token_per_s_stddev": 2.0530793352652412,
    "results_number_input_tokens_quantiles_p25": 398.0,
    "results_number_input_tokens_quantiles_p50": 400.0,
    "results_number_input_tokens_quantiles_p75": 401.0,
    "results_number_input_tokens_quantiles_p90": 402.0,
    "results_number_input_tokens_quantiles_p95": 403.0,
    "results_number_input_tokens_quantiles_p99": 404.0,
    "results_number_input_tokens_mean": 399.55214723926383,
    "results_number_input_tokens_min": 392,
    "results_number_input_tokens_max": 405,
    "results_number_input_tokens_stddev": 2.044259772574783,
    "results_number_output_tokens_quantiles_p25": 357.0,
    "results_number_output_tokens_quantiles_p50": 480.0,
    "results_number_output_tokens_quantiles_p75": 787.0,
    "results_number_output_tokens_quantiles_p90": 1579.9,
    "results_number_output_tokens_quantiles_p95": 1643.9499999999998,
    "results_number_output_tokens_quantiles_p99": 1661.0,
    "results_number_output_tokens_mean": 655.237949167397,
    "results_number_output_tokens_min": 3,
    "results_number_output_tokens_max": 1687,
    "results_number_output_tokens_stddev": 416.28166144374285,
    "results_num_requests_started": 2282,
    "results_error_rate": 0.0,
    "results_number_errors": 0,
    "results_error_code_frequency": "{}",
    "results_mean_output_throughput_token_per_s": 2490.330242047898,
    "results_num_completed_requests": 2282,
    "results_num_completed_requests_per_min": 228.03901195396247,
    "timestamp": 1710862436
}