{
    "version": "2023-08-31",
    "name": "Mistral-large-france_400_1600_summary",
    "model": "Mistral-large-france",
    "mean_input_tokens": 400,
    "stddev_input_tokens": 2,
    "mean_output_tokens": 1600,
    "stddev_output_tokens": 2,
    "num_concurrent_requests": 1000,
    "results_inter_token_latency_s_quantiles_p25": 0.051658977378157084,
    "results_inter_token_latency_s_quantiles_p50": 0.053565590120830585,
    "results_inter_token_latency_s_quantiles_p75": 0.05531319178342306,
    "results_inter_token_latency_s_quantiles_p90": 0.057217861318202536,
    "results_inter_token_latency_s_quantiles_p95": 0.059099853291569256,
    "results_inter_token_latency_s_quantiles_p99": 0.06978510611480894,
    "results_inter_token_latency_s_mean": 0.05701327273523843,
    "results_inter_token_latency_s_min": 0.046319680824482436,
    "results_inter_token_latency_s_max": 1.075089987666767,
    "results_inter_token_latency_s_stddev": 0.052301607424259856,
    "results_ttft_s_quantiles_p25": 2.637173713500033,
    "results_ttft_s_quantiles_p50": 2.8199574800000846,
    "results_ttft_s_quantiles_p75": 3.018604742999969,
    "results_ttft_s_quantiles_p90": 3.2433487768000306,
    "results_ttft_s_quantiles_p95": 3.4606726761001934,
    "results_ttft_s_quantiles_p99": 5.0503346282799395,
    "results_ttft_s_mean": 2.90611740850998,
    "results_ttft_s_min": 1.6272751419996894,
    "results_ttft_s_max": 12.982702682999843,
    "results_ttft_s_stddev": 0.6709131154581411,
    "results_end_to_end_latency_s_quantiles_p25": 19.84409740000001,
    "results_end_to_end_latency_s_quantiles_p50": 27.53750950299991,
    "results_end_to_end_latency_s_quantiles_p75": 44.857531426500145,
    "results_end_to_end_latency_s_quantiles_p90": 81.29574023900014,
    "results_end_to_end_latency_s_quantiles_p95": 86.56473005309999,
    "results_end_to_end_latency_s_quantiles_p99": 90.77369991903997,
    "results_end_to_end_latency_s_mean": 36.74551532043392,
    "results_end_to_end_latency_s_min": 2.38604760599992,
    "results_end_to_end_latency_s_max": 97.94909270400012,
    "results_end_to_end_latency_s_stddev": 22.4519779359701,
    "results_request_output_throughput_token_per_s_quantiles_p25": 17.58584808193038,
    "results_request_output_throughput_token_per_s_quantiles_p50": 18.103403942308248,
    "results_request_output_throughput_token_per_s_quantiles_p75": 18.8021587372742,
    "results_request_output_throughput_token_per_s_quantiles_p90": 19.393679094580797,
    "results_request_output_throughput_token_per_s_quantiles_p95": 19.679485325218323,
    "results_request_output_throughput_token_per_s_quantiles_p99": 20.14851636850925,
    "results_request_output_throughput_token_per_s_mean": 18.060034606790452,
    "results_request_output_throughput_token_per_s_min": 0.9301227148287641,
    "results_request_output_throughput_token_per_s_max": 20.758802726829167,
    "results_request_output_throughput_token_per_s_stddev": 1.4936276057370907,
    "results_number_input_tokens_quantiles_p25": 398.0,
    "results_number_input_tokens_quantiles_p50": 400.0,
    "results_number_input_tokens_quantiles_p75": 401.0,
    "results_number_input_tokens_quantiles_p90": 402.0,
    "results_number_input_tokens_quantiles_p95": 403.0,
    "results_number_input_tokens_quantiles_p99": 404.0,
    "results_number_input_tokens_mean": 399.48120649651975,
    "results_number_input_tokens_min": 391,
    "results_number_input_tokens_max": 407,
    "results_number_input_tokens_stddev": 2.0461242279324923,
    "results_number_output_tokens_quantiles_p25": 363.0,
    "results_number_output_tokens_quantiles_p50": 508.0,
    "results_number_output_tokens_quantiles_p75": 849.0,
    "results_number_output_tokens_quantiles_p90": 1622.0,
    "results_number_output_tokens_quantiles_p95": 1644.0,
    "results_number_output_tokens_quantiles_p99": 1665.0,
    "results_number_output_tokens_mean": 687.7034802784223,
    "results_number_output_tokens_min": 3,
    "results_number_output_tokens_max": 1704,
    "results_number_output_tokens_stddev": 431.9135305001544,
    "results_num_requests_started": 2155,
    "results_error_rate": 0.0,
    "results_number_errors": 0,
    "results_error_code_frequency": "{}",
    "results_mean_output_throughput_token_per_s": 2466.6208514610785,
    "results_num_completed_requests": 2155,
    "results_num_completed_requests_per_min": 215.20503433797782,
    "timestamp": 1710856675
}