{
    "version": "2023-08-31",
    "name": "Mistral-large-Sweden_600_2400_summary",
    "model": "Mistral-large-Sweden",
    "mean_input_tokens": 600,
    "stddev_input_tokens": 2,
    "mean_output_tokens": 2400,
    "stddev_output_tokens": 2,
    "num_concurrent_requests": 1000,
    "results_inter_token_latency_s_quantiles_p25": 0.0428507896320831,
    "results_inter_token_latency_s_quantiles_p50": 0.045610294661505416,
    "results_inter_token_latency_s_quantiles_p75": 0.047838705992288344,
    "results_inter_token_latency_s_quantiles_p90": 0.050601639213176675,
    "results_inter_token_latency_s_quantiles_p95": 0.052024444051620926,
    "results_inter_token_latency_s_quantiles_p99": 0.055191414212921855,
    "results_inter_token_latency_s_mean": 0.04817708950409343,
    "results_inter_token_latency_s_min": 0.03725469143319434,
    "results_inter_token_latency_s_max": 0.9555665043335466,
    "results_inter_token_latency_s_stddev": 0.04714949569222405,
    "results_ttft_s_quantiles_p25": 2.378441740499966,
    "results_ttft_s_quantiles_p50": 2.5410847029997967,
    "results_ttft_s_quantiles_p75": 2.730019984748651,
    "results_ttft_s_quantiles_p90": 2.932536796099703,
    "results_ttft_s_quantiles_p95": 3.069795898799202,
    "results_ttft_s_quantiles_p99": 3.5034374369296346,
    "results_ttft_s_mean": 2.5719466643930247,
    "results_ttft_s_min": 1.4260149809997529,
    "results_ttft_s_max": 4.64017929900001,
    "results_ttft_s_stddev": 0.3126274782281411,
    "results_end_to_end_latency_s_quantiles_p25": 22.995014270749834,
    "results_end_to_end_latency_s_quantiles_p50": 26.188618796499213,
    "results_end_to_end_latency_s_quantiles_p75": 40.04143947424973,
    "results_end_to_end_latency_s_quantiles_p90": 77.75776701919932,
    "results_end_to_end_latency_s_quantiles_p95": 104.05695951484894,
    "results_end_to_end_latency_s_quantiles_p99": 117.85086660430989,
    "results_end_to_end_latency_s_mean": 37.16511026287895,
    "results_end_to_end_latency_s_min": 2.5885472600002686,
    "results_end_to_end_latency_s_max": 124.2235435370003,
    "results_end_to_end_latency_s_stddev": 25.308268300627542,
    "results_request_output_throughput_token_per_s_quantiles_p25": 20.30234866951195,
    "results_request_output_throughput_token_per_s_quantiles_p50": 21.33075556299829,
    "results_request_output_throughput_token_per_s_quantiles_p75": 22.696421126216674,
    "results_request_output_throughput_token_per_s_quantiles_p90": 23.871828218637003,
    "results_request_output_throughput_token_per_s_quantiles_p95": 24.335223299314578,
    "results_request_output_throughput_token_per_s_quantiles_p99": 25.141578442040103,
    "results_request_output_throughput_token_per_s_mean": 21.399781534788396,
    "results_request_output_throughput_token_per_s_min": 1.0464609439094246,
    "results_request_output_throughput_token_per_s_max": 26.457808732174968,
    "results_request_output_throughput_token_per_s_stddev": 2.0666845813342962,
    "results_number_input_tokens_quantiles_p25": 598.0,
    "results_number_input_tokens_quantiles_p50": 600.0,
    "results_number_input_tokens_quantiles_p75": 601.0,
    "results_number_input_tokens_quantiles_p90": 602.0,
    "results_number_input_tokens_quantiles_p95": 603.0,
    "results_number_input_tokens_quantiles_p99": 604.0,
    "results_number_input_tokens_mean": 599.5475,
    "results_number_input_tokens_min": 592,
    "results_number_input_tokens_max": 606,
    "results_number_input_tokens_stddev": 1.9709607030700957,
    "results_number_output_tokens_quantiles_p25": 510.75,
    "results_number_output_tokens_quantiles_p50": 550.0,
    "results_number_output_tokens_quantiles_p75": 889.25,
    "results_number_output_tokens_quantiles_p90": 1763.6000000000008,
    "results_number_output_tokens_quantiles_p95": 2458.05,
    "results_number_output_tokens_quantiles_p99": 2487.0,
    "results_number_output_tokens_mean": 823.6005,
    "results_number_output_tokens_min": 3,
    "results_number_output_tokens_max": 2565,
    "results_number_output_tokens_stddev": 583.701703560234,
    "results_num_requests_started": 2000,
    "results_error_rate": 0.0,
    "results_number_errors": 0,
    "results_error_code_frequency": "{}",
    "results_mean_output_throughput_token_per_s": 2728.506022907773,
    "results_num_completed_requests": 2000,
    "results_num_completed_requests_per_min": 198.77399464238593,
    "timestamp": 1710864998
}