{
    "version": "2023-08-31",
    "name": "Mistral-large-france_400_1600_summary",
    "model": "Mistral-large-france",
    "mean_input_tokens": 400,
    "stddev_input_tokens": 2,
    "mean_output_tokens": 1600,
    "stddev_output_tokens": 2,
    "num_concurrent_requests": 1000,
    "results_inter_token_latency_s_quantiles_p25": 0.04054147140562269,
    "results_inter_token_latency_s_quantiles_p50": 0.04186707836636138,
    "results_inter_token_latency_s_quantiles_p75": 0.04305781917389289,
    "results_inter_token_latency_s_quantiles_p90": 0.04399323308497721,
    "results_inter_token_latency_s_quantiles_p95": 0.04472103576582436,
    "results_inter_token_latency_s_quantiles_p99": 0.05179527376883595,
    "results_inter_token_latency_s_mean": 0.04612552143104646,
    "results_inter_token_latency_s_min": 0.03704103188236638,
    "results_inter_token_latency_s_max": 0.8922169543332833,
    "results_inter_token_latency_s_stddev": 0.05683561383035255,
    "results_ttft_s_quantiles_p25": 2.194639031249835,
    "results_ttft_s_quantiles_p50": 2.3225385430000642,
    "results_ttft_s_quantiles_p75": 2.4554189859993585,
    "results_ttft_s_quantiles_p90": 2.587535836999905,
    "results_ttft_s_quantiles_p95": 2.6681035821999104,
    "results_ttft_s_quantiles_p99": 2.933495188119859,
    "results_ttft_s_mean": 2.330351247880692,
    "results_ttft_s_min": 1.35547787699943,
    "results_ttft_s_max": 7.70200278899938,
    "results_ttft_s_stddev": 0.27275513254570244,
    "results_end_to_end_latency_s_quantiles_p25": 15.259113035499695,
    "results_end_to_end_latency_s_quantiles_p50": 20.361252166000213,
    "results_end_to_end_latency_s_quantiles_p75": 34.53028820550003,
    "results_end_to_end_latency_s_quantiles_p90": 64.16955671529986,
    "results_end_to_end_latency_s_quantiles_p95": 67.32397426154994,
    "results_end_to_end_latency_s_quantiles_p99": 70.7008126015497,
    "results_end_to_end_latency_s_mean": 28.068970914471333,
    "results_end_to_end_latency_s_min": 2.1488632430000507,
    "results_end_to_end_latency_s_max": 71.79155161299968,
    "results_end_to_end_latency_s_stddev": 17.566157344654695,
    "results_request_output_throughput_token_per_s_quantiles_p25": 22.52667826883936,
    "results_request_output_throughput_token_per_s_quantiles_p50": 23.12725153438506,
    "results_request_output_throughput_token_per_s_quantiles_p75": 23.9052243887125,
    "results_request_output_throughput_token_per_s_quantiles_p90": 24.629425692798314,
    "results_request_output_throughput_token_per_s_quantiles_p95": 24.973900102156886,
    "results_request_output_throughput_token_per_s_quantiles_p99": 25.599564534195586,
    "results_request_output_throughput_token_per_s_mean": 23.084343651502724,
    "results_request_output_throughput_token_per_s_min": 1.1207345033924137,
    "results_request_output_throughput_token_per_s_max": 26.227862028179114,
    "results_request_output_throughput_token_per_s_stddev": 1.9937430380228838,
    "results_number_input_tokens_quantiles_p25": 398.0,
    "results_number_input_tokens_quantiles_p50": 400.0,
    "results_number_input_tokens_quantiles_p75": 401.0,
    "results_number_input_tokens_quantiles_p90": 402.0,
    "results_number_input_tokens_quantiles_p95": 403.0,
    "results_number_input_tokens_quantiles_p99": 404.0,
    "results_number_input_tokens_mean": 399.4852445193929,
    "results_number_input_tokens_min": 393,
    "results_number_input_tokens_max": 405,
    "results_number_input_tokens_stddev": 1.9915980792811447,
    "results_number_output_tokens_quantiles_p25": 356.0,
    "results_number_output_tokens_quantiles_p50": 484.0,
    "results_number_output_tokens_quantiles_p75": 830.0,
    "results_number_output_tokens_quantiles_p90": 1619.9,
    "results_number_output_tokens_quantiles_p95": 1645.0,
    "results_number_output_tokens_quantiles_p99": 1661.0,
    "results_number_output_tokens_mean": 674.5118043844857,
    "results_number_output_tokens_min": 3,
    "results_number_output_tokens_max": 1720,
    "results_number_output_tokens_stddev": 435.9139163881253,
    "results_num_requests_started": 2373,
    "results_error_rate": 0.00042140750105351877,
    "results_number_errors": 1,
    "results_error_code_frequency": "{500.0: 1}",
    "results_mean_output_throughput_token_per_s": 2657.1038701769558,
    "results_num_completed_requests": 2372,
    "results_num_completed_requests_per_min": 236.35795722818972,
    "timestamp": 1710861543
}