{
    "version": "2023-08-31",
    "name": "Mistral-large-Sweden_400_1600_summary",
    "model": "Mistral-large-Sweden",
    "mean_input_tokens": 400,
    "stddev_input_tokens": 2,
    "mean_output_tokens": 1600,
    "stddev_output_tokens": 2,
    "num_concurrent_requests": 1000,
    "results_inter_token_latency_s_quantiles_p25": 0.04182033454899614,
    "results_inter_token_latency_s_quantiles_p50": 0.04314857651748469,
    "results_inter_token_latency_s_quantiles_p75": 0.04448197579422145,
    "results_inter_token_latency_s_quantiles_p90": 0.04591691868409697,
    "results_inter_token_latency_s_quantiles_p95": 0.047231656907221906,
    "results_inter_token_latency_s_quantiles_p99": 0.05147530628502483,
    "results_inter_token_latency_s_mean": 0.04485406749742812,
    "results_inter_token_latency_s_min": 0.03678762043641666,
    "results_inter_token_latency_s_max": 0.8701198696665718,
    "results_inter_token_latency_s_stddev": 0.034089534994638904,
    "results_ttft_s_quantiles_p25": 2.2541348465001647,
    "results_ttft_s_quantiles_p50": 2.392042480998498,
    "results_ttft_s_quantiles_p75": 2.530399086500438,
    "results_ttft_s_quantiles_p90": 2.6698486768003935,
    "results_ttft_s_quantiles_p95": 2.766656011200576,
    "results_ttft_s_quantiles_p99": 2.9946318052997594,
    "results_ttft_s_mean": 2.396562477596343,
    "results_ttft_s_min": 1.4039147349994892,
    "results_ttft_s_max": 4.012112104999687,
    "results_ttft_s_stddev": 0.23359099035183664,
    "results_end_to_end_latency_s_quantiles_p25": 15.829528046999258,
    "results_end_to_end_latency_s_quantiles_p50": 21.447657188999074,
    "results_end_to_end_latency_s_quantiles_p75": 36.144632725999145,
    "results_end_to_end_latency_s_quantiles_p90": 65.4566713111999,
    "results_end_to_end_latency_s_quantiles_p95": 69.80546496190037,
    "results_end_to_end_latency_s_quantiles_p99": 72.8854085099202,
    "results_end_to_end_latency_s_mean": 29.170459517537633,
    "results_end_to_end_latency_s_min": 2.1617650389998744,
    "results_end_to_end_latency_s_max": 76.15658462900137,
    "results_end_to_end_latency_s_stddev": 18.06988372277777,
    "results_request_output_throughput_token_per_s_quantiles_p25": 21.8267027550647,
    "results_request_output_throughput_token_per_s_quantiles_p50": 22.48848746928157,
    "results_request_output_throughput_token_per_s_quantiles_p75": 23.146161413036303,
    "results_request_output_throughput_token_per_s_quantiles_p90": 23.93361055013624,
    "results_request_output_throughput_token_per_s_quantiles_p95": 24.436262619528524,
    "results_request_output_throughput_token_per_s_quantiles_p99": 25.268483078757995,
    "results_request_output_throughput_token_per_s_mean": 22.434984787472768,
    "results_request_output_throughput_token_per_s_min": 1.1492214634627758,
    "results_request_output_throughput_token_per_s_max": 26.539324853665995,
    "results_request_output_throughput_token_per_s_stddev": 1.5643472060712638,
    "results_number_input_tokens_quantiles_p25": 398.0,
    "results_number_input_tokens_quantiles_p50": 400.0,
    "results_number_input_tokens_quantiles_p75": 401.0,
    "results_number_input_tokens_quantiles_p90": 402.0,
    "results_number_input_tokens_quantiles_p95": 403.0,
    "results_number_input_tokens_quantiles_p99": 404.0,
    "results_number_input_tokens_mean": 399.5534748231377,
    "results_number_input_tokens_min": 393,
    "results_number_input_tokens_max": 407,
    "results_number_input_tokens_stddev": 2.012851971199786,
    "results_number_output_tokens_quantiles_p25": 356.5,
    "results_number_output_tokens_quantiles_p50": 497.0,
    "results_number_output_tokens_quantiles_p75": 832.5,
    "results_number_output_tokens_quantiles_p90": 1623.8000000000002,
    "results_number_output_tokens_quantiles_p95": 1645.0,
    "results_number_output_tokens_quantiles_p99": 1660.98,
    "results_number_output_tokens_mean": 679.2338743237619,
    "results_number_output_tokens_min": 3,
    "results_number_output_tokens_max": 1693,
    "results_number_output_tokens_stddev": 435.3667745446913,
    "results_num_requests_started": 2403,
    "results_error_rate": 0.0,
    "results_number_errors": 0,
    "results_error_code_frequency": "{}",
    "results_mean_output_throughput_token_per_s": 2717.9779979096747,
    "results_num_completed_requests": 2403,
    "results_num_completed_requests_per_min": 240.09208910103297,
    "timestamp": 1710863356
}