{
    "version": "2023-08-31",
    "name": "Mistral-large-france_200_1800_summary",
    "model": "Mistral-large-france",
    "mean_input_tokens": 200,
    "stddev_input_tokens": 2,
    "mean_output_tokens": 1800,
    "stddev_output_tokens": 2,
    "num_concurrent_requests": 1000,
    "results_inter_token_latency_s_quantiles_p25": 0.054381206244437846,
    "results_inter_token_latency_s_quantiles_p50": 0.05669102356249821,
    "results_inter_token_latency_s_quantiles_p75": 0.06001226509822699,
    "results_inter_token_latency_s_quantiles_p90": 0.06524600634233339,
    "results_inter_token_latency_s_quantiles_p95": 0.06884087476707007,
    "results_inter_token_latency_s_quantiles_p99": 0.08006430587658755,
    "results_inter_token_latency_s_mean": 0.06246380926563131,
    "results_inter_token_latency_s_min": 0.047856096980965615,
    "results_inter_token_latency_s_max": 1.1215366573333085,
    "results_inter_token_latency_s_stddev": 0.06420747867149323,
    "results_ttft_s_quantiles_p25": 2.7026347680001663,
    "results_ttft_s_quantiles_p50": 2.877785282500099,
    "results_ttft_s_quantiles_p75": 3.1181068574998108,
    "results_ttft_s_quantiles_p90": 3.5329651019999346,
    "results_ttft_s_quantiles_p95": 4.069973885500076,
    "results_ttft_s_quantiles_p99": 5.294421874800104,
    "results_ttft_s_mean": 3.0099599497910883,
    "results_ttft_s_min": 2.1642790570003854,
    "results_ttft_s_max": 7.631029256999682,
    "results_ttft_s_stddev": 0.5902943594439662,
    "results_end_to_end_latency_s_quantiles_p25": 15.788124412750108,
    "results_end_to_end_latency_s_quantiles_p50": 27.807881777499915,
    "results_end_to_end_latency_s_quantiles_p75": 54.710146094500146,
    "results_end_to_end_latency_s_quantiles_p90": 101.47247053800015,
    "results_end_to_end_latency_s_quantiles_p95": 106.04312092149996,
    "results_end_to_end_latency_s_quantiles_p99": 112.02588325015019,
    "results_end_to_end_latency_s_mean": 40.64321526815831,
    "results_end_to_end_latency_s_min": 2.213550773999941,
    "results_end_to_end_latency_s_max": 120.40882212100041,
    "results_end_to_end_latency_s_stddev": 32.41709905743461,
    "results_request_output_throughput_token_per_s_quantiles_p25": 16.198845776952858,
    "results_request_output_throughput_token_per_s_quantiles_p50": 17.141731780145975,
    "results_request_output_throughput_token_per_s_quantiles_p75": 17.802555359786602,
    "results_request_output_throughput_token_per_s_quantiles_p90": 18.35410228973314,
    "results_request_output_throughput_token_per_s_quantiles_p95": 18.775042497365554,
    "results_request_output_throughput_token_per_s_quantiles_p99": 19.309427513901518,
    "results_request_output_throughput_token_per_s_mean": 16.796471196764955,
    "results_request_output_throughput_token_per_s_min": 0.8915976905344164,
    "results_request_output_throughput_token_per_s_max": 19.87263046352543,
    "results_request_output_throughput_token_per_s_stddev": 1.8049233002294298,
    "results_number_input_tokens_quantiles_p25": 198.0,
    "results_number_input_tokens_quantiles_p50": 199.0,
    "results_number_input_tokens_quantiles_p75": 201.0,
    "results_number_input_tokens_quantiles_p90": 202.0,
    "results_number_input_tokens_quantiles_p95": 203.0,
    "results_number_input_tokens_quantiles_p99": 204.0,
    "results_number_input_tokens_mean": 199.45440881763528,
    "results_number_input_tokens_min": 192,
    "results_number_input_tokens_max": 209,
    "results_number_input_tokens_stddev": 2.020056229198879,
    "results_number_output_tokens_quantiles_p25": 269.0,
    "results_number_output_tokens_quantiles_p50": 479.0,
    "results_number_output_tokens_quantiles_p75": 944.25,
    "results_number_output_tokens_quantiles_p90": 1838.0,
    "results_number_output_tokens_quantiles_p95": 1854.0,
    "results_number_output_tokens_quantiles_p99": 1876.1,
    "results_number_output_tokens_mean": 709.9323647294589,
    "results_number_output_tokens_min": 3,
    "results_number_output_tokens_max": 1942,
    "results_number_output_tokens_stddev": 577.9297369809204,
    "results_num_requests_started": 2000,
    "results_error_rate": 0.002,
    "results_number_errors": 4,
    "results_error_code_frequency": "{500.0: 3, 424.0: 1}",
    "results_mean_output_throughput_token_per_s": 2319.5064065325205,
    "results_num_completed_requests": 1996,
    "results_num_completed_requests_per_min": 196.03330022147432,
    "timestamp": 1710841593
}