{
    "version": "2023-08-31",
    "name": "Mistral-large-france_300_1700_summary",
    "model": "Mistral-large-france",
    "mean_input_tokens": 300,
    "stddev_input_tokens": 2,
    "mean_output_tokens": 1700,
    "stddev_output_tokens": 2,
    "num_concurrent_requests": 1000,
    "results_inter_token_latency_s_quantiles_p25": 0.05550086348703705,
    "results_inter_token_latency_s_quantiles_p50": 0.05794985207350816,
    "results_inter_token_latency_s_quantiles_p75": 0.0629109685615639,
    "results_inter_token_latency_s_quantiles_p90": 0.07820810951426084,
    "results_inter_token_latency_s_quantiles_p95": 0.09992180088828821,
    "results_inter_token_latency_s_quantiles_p99": 0.13277234485795403,
    "results_inter_token_latency_s_mean": 0.0670990513206313,
    "results_inter_token_latency_s_min": 0.048193010134463976,
    "results_inter_token_latency_s_max": 1.5164419609999793,
    "results_inter_token_latency_s_stddev": 0.06898046504551932,
    "results_ttft_s_quantiles_p25": 2.783173021500147,
    "results_ttft_s_quantiles_p50": 2.990400923000152,
    "results_ttft_s_quantiles_p75": 3.345968125999889,
    "results_ttft_s_quantiles_p90": 4.573979949199793,
    "results_ttft_s_quantiles_p95": 5.460132523300034,
    "results_ttft_s_quantiles_p99": 7.605290912520011,
    "results_ttft_s_mean": 3.327178398492744,
    "results_ttft_s_min": 2.2224255749999884,
    "results_ttft_s_max": 14.033656371000234,
    "results_ttft_s_stddev": 1.0957835794584594,
    "results_end_to_end_latency_s_quantiles_p25": 17.69173454099996,
    "results_end_to_end_latency_s_quantiles_p50": 28.671593830999882,
    "results_end_to_end_latency_s_quantiles_p75": 52.648952011500114,
    "results_end_to_end_latency_s_quantiles_p90": 95.53109995179976,
    "results_end_to_end_latency_s_quantiles_p95": 102.2513038330999,
    "results_end_to_end_latency_s_quantiles_p99": 131.26286542811985,
    "results_end_to_end_latency_s_mean": 40.52052871479637,
    "results_end_to_end_latency_s_min": 2.5275093039999774,
    "results_end_to_end_latency_s_max": 170.80963532400006,
    "results_end_to_end_latency_s_stddev": 30.392235636079,
    "results_request_output_throughput_token_per_s_quantiles_p25": 15.446981774475411,
    "results_request_output_throughput_token_per_s_quantiles_p50": 16.774837451380975,
    "results_request_output_throughput_token_per_s_quantiles_p75": 17.495477751163644,
    "results_request_output_throughput_token_per_s_quantiles_p90": 18.097131637073385,
    "results_request_output_throughput_token_per_s_quantiles_p95": 18.43068745114478,
    "results_request_output_throughput_token_per_s_quantiles_p99": 18.956037428525207,
    "results_request_output_throughput_token_per_s_mean": 15.959613232130888,
    "results_request_output_throughput_token_per_s_min": 0.6594184304257186,
    "results_request_output_throughput_token_per_s_max": 19.65656607790784,
    "results_request_output_throughput_token_per_s_stddev": 2.6143232548902136,
    "results_number_input_tokens_quantiles_p25": 298.0,
    "results_number_input_tokens_quantiles_p50": 299.0,
    "results_number_input_tokens_quantiles_p75": 301.0,
    "results_number_input_tokens_quantiles_p90": 302.0,
    "results_number_input_tokens_quantiles_p95": 303.0,
    "results_number_input_tokens_quantiles_p99": 304.0,
    "results_number_input_tokens_mean": 299.46423211605804,
    "results_number_input_tokens_min": 293,
    "results_number_input_tokens_max": 307,
    "results_number_input_tokens_stddev": 2.0532442889873885,
    "results_number_output_tokens_quantiles_p25": 279.0,
    "results_number_output_tokens_quantiles_p50": 463.0,
    "results_number_output_tokens_quantiles_p75": 843.0,
    "results_number_output_tokens_quantiles_p90": 1725.0,
    "results_number_output_tokens_quantiles_p95": 1747.0,
    "results_number_output_tokens_quantiles_p99": 1768.02,
    "results_number_output_tokens_mean": 658.3231615807904,
    "results_number_output_tokens_min": 3,
    "results_number_output_tokens_max": 1803,
    "results_number_output_tokens_stddev": 494.38324041902615,
    "results_num_requests_started": 2000,
    "results_error_rate": 0.0005,
    "results_number_errors": 1,
    "results_error_code_frequency": "{500.0: 1}",
    "results_mean_output_throughput_token_per_s": 2126.3838821494223,
    "results_num_completed_requests": 1999,
    "results_num_completed_requests_per_min": 193.80000640203536,
    "timestamp": 1710839869
}