{
    "version": "2023-08-31",
    "name": "Mistral-large-Sweden_200_1800_summary",
    "model": "Mistral-large-Sweden",
    "mean_input_tokens": 200,
    "stddev_input_tokens": 2,
    "mean_output_tokens": 1800,
    "stddev_output_tokens": 2,
    "num_concurrent_requests": 2000,
    "results_inter_token_latency_s_quantiles_p25": 0.03922404471828607,
    "results_inter_token_latency_s_quantiles_p50": 0.04042844788684674,
    "results_inter_token_latency_s_quantiles_p75": 0.04184317335642235,
    "results_inter_token_latency_s_quantiles_p90": 0.043386559917656345,
    "results_inter_token_latency_s_quantiles_p95": 0.04459158326104038,
    "results_inter_token_latency_s_quantiles_p99": 0.05028238933050399,
    "results_inter_token_latency_s_mean": 0.04246778062635843,
    "results_inter_token_latency_s_min": 0.03278229994248598,
    "results_inter_token_latency_s_max": 0.8246008083333436,
    "results_inter_token_latency_s_stddev": 0.0356457164410213,
    "results_ttft_s_quantiles_p25": 2.152053422999984,
    "results_ttft_s_quantiles_p50": 2.2733558009999797,
    "results_ttft_s_quantiles_p75": 2.391397217999952,
    "results_ttft_s_quantiles_p90": 2.5061412971999744,
    "results_ttft_s_quantiles_p95": 2.578998706600055,
    "results_ttft_s_quantiles_p99": 2.7216637309000045,
    "results_ttft_s_mean": 2.276555941187097,
    "results_ttft_s_min": 1.4164479070000198,
    "results_ttft_s_max": 3.3794774860000416,
    "results_ttft_s_stddev": 0.19224819246510033,
    "results_end_to_end_latency_s_quantiles_p25": 12.333238395999956,
    "results_end_to_end_latency_s_quantiles_p50": 21.16273912099996,
    "results_end_to_end_latency_s_quantiles_p75": 40.28171188300007,
    "results_end_to_end_latency_s_quantiles_p90": 71.90903885940001,
    "results_end_to_end_latency_s_quantiles_p95": 74.22636867279994,
    "results_end_to_end_latency_s_quantiles_p99": 77.0851697546601,
    "results_end_to_end_latency_s_mean": 30.0572297928535,
    "results_end_to_end_latency_s_min": 2.3749842139998236,
    "results_end_to_end_latency_s_max": 77.99373661599998,
    "results_end_to_end_latency_s_stddev": 23.074183139800816,
    "results_request_output_throughput_token_per_s_quantiles_p25": 23.19862088598881,
    "results_request_output_throughput_token_per_s_quantiles_p50": 24.009071315164157,
    "results_request_output_throughput_token_per_s_quantiles_p75": 24.729806308332705,
    "results_request_output_throughput_token_per_s_quantiles_p90": 25.27654038143388,
    "results_request_output_throughput_token_per_s_quantiles_p95": 25.582333956220253,
    "results_request_output_throughput_token_per_s_quantiles_p99": 25.96564022126599,
    "results_request_output_throughput_token_per_s_mean": 23.788019341303233,
    "results_request_output_throughput_token_per_s_min": 1.212653151367886,
    "results_request_output_throughput_token_per_s_max": 26.698621411630462,
    "results_request_output_throughput_token_per_s_stddev": 1.7031578225763546,
    "results_number_input_tokens_quantiles_p25": 198.0,
    "results_number_input_tokens_quantiles_p50": 200.0,
    "results_number_input_tokens_quantiles_p75": 201.0,
    "results_number_input_tokens_quantiles_p90": 202.0,
    "results_number_input_tokens_quantiles_p95": 203.0,
    "results_number_input_tokens_quantiles_p99": 204.0,
    "results_number_input_tokens_mean": 199.51994198694706,
    "results_number_input_tokens_min": 194,
    "results_number_input_tokens_max": 208,
    "results_number_input_tokens_stddev": 2.0943287848476126,
    "results_number_output_tokens_quantiles_p25": 296.5,
    "results_number_output_tokens_quantiles_p50": 520.0,
    "results_number_output_tokens_quantiles_p75": 1007.0,
    "results_number_output_tokens_quantiles_p90": 1842.2,
    "results_number_output_tokens_quantiles_p95": 1857.0,
    "results_number_output_tokens_quantiles_p99": 1886.66,
    "results_number_output_tokens_mean": 747.5068890500363,
    "results_number_output_tokens_min": 3,
    "results_number_output_tokens_max": 2156,
    "results_number_output_tokens_stddev": 589.1774940625579,
    "results_num_requests_started": 1379,
    "results_error_rate": 0.0,
    "results_number_errors": 0,
    "results_error_code_frequency": "{}",
    "results_mean_output_throughput_token_per_s": 1588.2504183930782,
    "results_num_completed_requests": 1379,
    "results_num_completed_requests_per_min": 127.48380851003218,
    "timestamp": 1710872096
}