{
    "version": "2023-08-31",
    "name": "Mistral-large-france_400_1600_summary",
    "model": "Mistral-large-france",
    "mean_input_tokens": 400,
    "stddev_input_tokens": 2,
    "mean_output_tokens": 1600,
    "stddev_output_tokens": 2,
    "num_concurrent_requests": 100,
    "results_inter_token_latency_s_quantiles_p25": 0.04881477129552972,
    "results_inter_token_latency_s_quantiles_p50": 0.04984024891661452,
    "results_inter_token_latency_s_quantiles_p75": 0.05081722260515366,
    "results_inter_token_latency_s_quantiles_p90": 0.05204810137917575,
    "results_inter_token_latency_s_quantiles_p95": 0.05383456145834118,
    "results_inter_token_latency_s_quantiles_p99": 0.07709051337441482,
    "results_inter_token_latency_s_mean": 0.054859353215584904,
    "results_inter_token_latency_s_min": 0.0463049146039442,
    "results_inter_token_latency_s_max": 0.9180684820000048,
    "results_inter_token_latency_s_stddev": 0.05924063423696893,
    "results_ttft_s_quantiles_p25": 2.52282992749997,
    "results_ttft_s_quantiles_p50": 2.6823384350000197,
    "results_ttft_s_quantiles_p75": 2.837147312749721,
    "results_ttft_s_quantiles_p90": 3.0067212185000245,
    "results_ttft_s_quantiles_p95": 3.1121324833002286,
    "results_ttft_s_quantiles_p99": 3.3910158734398825,
    "results_ttft_s_mean": 2.699553024764278,
    "results_ttft_s_min": 1.49339082699953,
    "results_ttft_s_max": 9.340192545000718,
    "results_ttft_s_stddev": 0.36326836174261795,
    "results_end_to_end_latency_s_quantiles_p25": 18.322395904249788,
    "results_end_to_end_latency_s_quantiles_p50": 26.093034737500147,
    "results_end_to_end_latency_s_quantiles_p75": 42.32491898824992,
    "results_end_to_end_latency_s_quantiles_p90": 78.31908436749981,
    "results_end_to_end_latency_s_quantiles_p95": 79.74866695200012,
    "results_end_to_end_latency_s_quantiles_p99": 82.91575276314026,
    "results_end_to_end_latency_s_mean": 34.75214116265431,
    "results_end_to_end_latency_s_min": 2.0720142420004777,
    "results_end_to_end_latency_s_max": 89.47167556800014,
    "results_end_to_end_latency_s_stddev": 21.484941267076277,
    "results_request_output_throughput_token_per_s_quantiles_p25": 19.123110357261435,
    "results_request_output_throughput_token_per_s_quantiles_p50": 19.483723216162936,
    "results_request_output_throughput_token_per_s_quantiles_p75": 19.87816029139885,
    "results_request_output_throughput_token_per_s_quantiles_p90": 20.18042681158876,
    "results_request_output_throughput_token_per_s_quantiles_p95": 20.348102810877062,
    "results_request_output_throughput_token_per_s_quantiles_p99": 20.571802726884453,
    "results_request_output_throughput_token_per_s_mean": 19.257277769409832,
    "results_request_output_throughput_token_per_s_min": 1.0892054005781793,
    "results_request_output_throughput_token_per_s_max": 20.937168951339167,
    "results_request_output_throughput_token_per_s_stddev": 1.733182876433627,
    "results_number_input_tokens_quantiles_p25": 398.0,
    "results_number_input_tokens_quantiles_p50": 399.0,
    "results_number_input_tokens_quantiles_p75": 401.0,
    "results_number_input_tokens_quantiles_p90": 402.0,
    "results_number_input_tokens_quantiles_p95": 403.0,
    "results_number_input_tokens_quantiles_p99": 404.0,
    "results_number_input_tokens_mean": 399.3642857142857,
    "results_number_input_tokens_min": 392,
    "results_number_input_tokens_max": 406,
    "results_number_input_tokens_stddev": 2.039701492528385,
    "results_number_output_tokens_quantiles_p25": 360.0,
    "results_number_output_tokens_quantiles_p50": 505.0,
    "results_number_output_tokens_quantiles_p75": 856.0,
    "results_number_output_tokens_quantiles_p90": 1628.2,
    "results_number_output_tokens_quantiles_p95": 1643.1,
    "results_number_output_tokens_quantiles_p99": 1661.02,
    "results_number_output_tokens_mean": 697.4214285714286,
    "results_number_output_tokens_min": 3,
    "results_number_output_tokens_max": 1675,
    "results_number_output_tokens_stddev": 446.85554162015274,
    "results_num_requests_started": 700,
    "results_error_rate": 0.0,
    "results_number_errors": 0,
    "results_error_code_frequency": "{}",
    "results_mean_output_throughput_token_per_s": 721.1435928327173,
    "results_num_completed_requests": 700,
    "results_num_completed_requests_per_min": 62.04084617616758,
    "timestamp": 1710859013
}