{
    "version": "2023-08-31",
    "name": "Mistral-large-Sweden_100_1900_summary",
    "model": "Mistral-large-Sweden",
    "mean_input_tokens": 100,
    "stddev_input_tokens": 2,
    "mean_output_tokens": 1900,
    "stddev_output_tokens": 2,
    "num_concurrent_requests": 1000,
    "results_inter_token_latency_s_quantiles_p25": 0.04114847772612921,
    "results_inter_token_latency_s_quantiles_p50": 0.0430887190407089,
    "results_inter_token_latency_s_quantiles_p75": 0.04523878979454497,
    "results_inter_token_latency_s_quantiles_p90": 0.04825684960678828,
    "results_inter_token_latency_s_quantiles_p95": 0.05037471265176388,
    "results_inter_token_latency_s_quantiles_p99": 0.060463034597645626,
    "results_inter_token_latency_s_mean": 0.046099246818399976,
    "results_inter_token_latency_s_min": 0.03573350843214002,
    "results_inter_token_latency_s_max": 0.9316504866668159,
    "results_inter_token_latency_s_stddev": 0.042771575374455854,
    "results_ttft_s_quantiles_p25": 2.196172669999214,
    "results_ttft_s_quantiles_p50": 2.344693086000916,
    "results_ttft_s_quantiles_p75": 2.4933482769993134,
    "results_ttft_s_quantiles_p90": 2.67887398999992,
    "results_ttft_s_quantiles_p95": 2.8632586194005847,
    "results_ttft_s_quantiles_p99": 3.9999598706795787,
    "results_ttft_s_mean": 2.3926090513959886,
    "results_ttft_s_min": 1.3987387910001416,
    "results_ttft_s_max": 7.82025643399902,
    "results_ttft_s_stddev": 0.40992170016050455,
    "results_end_to_end_latency_s_quantiles_p25": 9.885355487998822,
    "results_end_to_end_latency_s_quantiles_p50": 22.42056435900122,
    "results_end_to_end_latency_s_quantiles_p75": 74.42089114100054,
    "results_end_to_end_latency_s_quantiles_p90": 82.4467500939998,
    "results_end_to_end_latency_s_quantiles_p95": 84.37947187360113,
    "results_end_to_end_latency_s_quantiles_p99": 87.56505474488026,
    "results_end_to_end_latency_s_mean": 35.11593127693293,
    "results_end_to_end_latency_s_min": 2.0654934300000605,
    "results_end_to_end_latency_s_max": 93.6168935959995,
    "results_end_to_end_latency_s_stddev": 29.9814063659037,
    "results_request_output_throughput_token_per_s_quantiles_p25": 21.311651673584446,
    "results_request_output_throughput_token_per_s_quantiles_p50": 22.465689250326733,
    "results_request_output_throughput_token_per_s_quantiles_p75": 23.549046055586498,
    "results_request_output_throughput_token_per_s_quantiles_p90": 24.505419686642554,
    "results_request_output_throughput_token_per_s_quantiles_p95": 24.946126020847064,
    "results_request_output_throughput_token_per_s_quantiles_p99": 25.57533796764623,
    "results_request_output_throughput_token_per_s_mean": 22.204344439938183,
    "results_request_output_throughput_token_per_s_min": 1.0733222733982535,
    "results_request_output_throughput_token_per_s_max": 26.669944605363305,
    "results_request_output_throughput_token_per_s_stddev": 2.2577378613184975,
    "results_number_input_tokens_quantiles_p25": 98.0,
    "results_number_input_tokens_quantiles_p50": 100.0,
    "results_number_input_tokens_quantiles_p75": 101.0,
    "results_number_input_tokens_quantiles_p90": 102.0,
    "results_number_input_tokens_quantiles_p95": 103.0,
    "results_number_input_tokens_quantiles_p99": 104.0,
    "results_number_input_tokens_mean": 99.5686724850712,
    "results_number_input_tokens_min": 93,
    "results_number_input_tokens_max": 107,
    "results_number_input_tokens_stddev": 2.0271574681058167,
    "results_number_output_tokens_quantiles_p25": 220.0,
    "results_number_output_tokens_quantiles_p50": 521.0,
    "results_number_output_tokens_quantiles_p75": 1871.0,
    "results_number_output_tokens_quantiles_p90": 1956.0,
    "results_number_output_tokens_quantiles_p95": 1971.1999999999998,
    "results_number_output_tokens_quantiles_p99": 2009.2399999999998,
    "results_number_output_tokens_mean": 832.5319246669729,
    "results_number_output_tokens_min": 3,
    "results_number_output_tokens_max": 2120,
    "results_number_output_tokens_stddev": 728.8174762018923,
    "results_num_requests_started": 2205,
    "results_error_rate": 0.012698412698412698,
    "results_number_errors": 28,
    "results_error_code_frequency": "{424.0: 18, 500.0: 10}",
    "results_mean_output_throughput_token_per_s": 3011.3205810625927,
    "results_num_completed_requests": 2177,
    "results_num_completed_requests_per_min": 217.0237915333161,
    "timestamp": 1710867955
}