{
    "version": "2023-08-31",
    "name": "Mistral-large-france_400_1600_summary",
    "model": "Mistral-large-france",
    "mean_input_tokens": 400,
    "stddev_input_tokens": 2,
    "mean_output_tokens": 1600,
    "stddev_output_tokens": 2,
    "num_concurrent_requests": 1000,
    "results_inter_token_latency_s_quantiles_p25": 0.052099952897071616,
    "results_inter_token_latency_s_quantiles_p50": 0.05374035175646247,
    "results_inter_token_latency_s_quantiles_p75": 0.05545715629549639,
    "results_inter_token_latency_s_quantiles_p90": 0.05760999327817318,
    "results_inter_token_latency_s_quantiles_p95": 0.06300257377418159,
    "results_inter_token_latency_s_quantiles_p99": 0.10479105675406135,
    "results_inter_token_latency_s_mean": 0.05844299527870132,
    "results_inter_token_latency_s_min": 0.045981158169437236,
    "results_inter_token_latency_s_max": 1.029477856000085,
    "results_inter_token_latency_s_stddev": 0.05670150046347874,
    "results_ttft_s_quantiles_p25": 2.6354241799999727,
    "results_ttft_s_quantiles_p50": 2.7983080210005937,
    "results_ttft_s_quantiles_p75": 3.0154463909998412,
    "results_ttft_s_quantiles_p90": 3.2415624335999382,
    "results_ttft_s_quantiles_p95": 3.4858688262997926,
    "results_ttft_s_quantiles_p99": 6.407710835660162,
    "results_ttft_s_mean": 2.9185537357800477,
    "results_ttft_s_min": 1.5725860120001016,
    "results_ttft_s_max": 10.644900237000002,
    "results_ttft_s_stddev": 0.7073191431049162,
    "results_end_to_end_latency_s_quantiles_p25": 19.749240864499825,
    "results_end_to_end_latency_s_quantiles_p50": 27.442822738999894,
    "results_end_to_end_latency_s_quantiles_p75": 45.88240096049958,
    "results_end_to_end_latency_s_quantiles_p90": 82.11400753739998,
    "results_end_to_end_latency_s_quantiles_p95": 87.20680087429955,
    "results_end_to_end_latency_s_quantiles_p99": 93.96825744563984,
    "results_end_to_end_latency_s_mean": 36.924372766009434,
    "results_end_to_end_latency_s_min": 2.5824801450007726,
    "results_end_to_end_latency_s_max": 128.82660134399976,
    "results_end_to_end_latency_s_stddev": 23.016638729254797,
    "results_request_output_throughput_token_per_s_quantiles_p25": 17.538211147926027,
    "results_request_output_throughput_token_per_s_quantiles_p50": 18.080774079680037,
    "results_request_output_throughput_token_per_s_quantiles_p75": 18.655430947003467,
    "results_request_output_throughput_token_per_s_quantiles_p90": 19.24889690936295,
    "results_request_output_throughput_token_per_s_quantiles_p95": 19.54733490125123,
    "results_request_output_throughput_token_per_s_quantiles_p99": 20.120846060738824,
    "results_request_output_throughput_token_per_s_mean": 17.832122483855645,
    "results_request_output_throughput_token_per_s_min": 0.9713358581054052,
    "results_request_output_throughput_token_per_s_max": 20.585684742035465,
    "results_request_output_throughput_token_per_s_stddev": 1.86879778184893,
    "results_number_input_tokens_quantiles_p25": 398.0,
    "results_number_input_tokens_quantiles_p50": 399.0,
    "results_number_input_tokens_quantiles_p75": 401.0,
    "results_number_input_tokens_quantiles_p90": 402.0,
    "results_number_input_tokens_quantiles_p95": 403.0,
    "results_number_input_tokens_quantiles_p99": 404.0,
    "results_number_input_tokens_mean": 399.46070192783,
    "results_number_input_tokens_min": 394,
    "results_number_input_tokens_max": 405,
    "results_number_input_tokens_stddev": 1.991404104706191,
    "results_number_output_tokens_quantiles_p25": 359.0,
    "results_number_output_tokens_quantiles_p50": 501.0,
    "results_number_output_tokens_quantiles_p75": 835.0,
    "results_number_output_tokens_quantiles_p90": 1614.8,
    "results_number_output_tokens_quantiles_p95": 1643.0,
    "results_number_output_tokens_quantiles_p99": 1661.0,
    "results_number_output_tokens_mean": 676.3475037073653,
    "results_number_output_tokens_min": 3,
    "results_number_output_tokens_max": 1715,
    "results_number_output_tokens_stddev": 424.8982171161158,
    "results_num_requests_started": 2023,
    "results_error_rate": 0.0,
    "results_number_errors": 0,
    "results_error_code_frequency": "{}",
    "results_mean_output_throughput_token_per_s": 2274.630557636267,
    "results_num_completed_requests": 2023,
    "results_num_completed_requests_per_min": 201.7865560382489,
    "timestamp": 1710860530
}