{
    "version": "2023-08-31",
    "name": "Mistral-large-france_100_1900_summary",
    "model": "Mistral-large-france",
    "mean_input_tokens": 100,
    "stddev_input_tokens": 2,
    "mean_output_tokens": 1900,
    "stddev_output_tokens": 2,
    "num_concurrent_requests": 1000,
    "results_inter_token_latency_s_quantiles_p25": 0.05545303860899048,
    "results_inter_token_latency_s_quantiles_p50": 0.058170499260754044,
    "results_inter_token_latency_s_quantiles_p75": 0.06261354027907756,
    "results_inter_token_latency_s_quantiles_p90": 0.07030072077081138,
    "results_inter_token_latency_s_quantiles_p95": 0.07688690621874347,
    "results_inter_token_latency_s_quantiles_p99": 0.08991833668878595,
    "results_inter_token_latency_s_mean": 0.06254080248378055,
    "results_inter_token_latency_s_min": 0.04789594243398601,
    "results_inter_token_latency_s_max": 1.689477381333442,
    "results_inter_token_latency_s_stddev": 0.05155934386100771,
    "results_ttft_s_quantiles_p25": 2.7157055777502137,
    "results_ttft_s_quantiles_p50": 2.925903173499819,
    "results_ttft_s_quantiles_p75": 3.2196943210001336,
    "results_ttft_s_quantiles_p90": 3.976443174800125,
    "results_ttft_s_quantiles_p95": 4.729213878050086,
    "results_ttft_s_quantiles_p99": 5.8051291460597945,
    "results_ttft_s_mean": 3.119313955002513,
    "results_ttft_s_min": 2.1661682260000816,
    "results_ttft_s_max": 8.375249491999966,
    "results_ttft_s_stddev": 0.7238377996497207,
    "results_end_to_end_latency_s_quantiles_p25": 11.69760030374971,
    "results_end_to_end_latency_s_quantiles_p50": 29.793169602000035,
    "results_end_to_end_latency_s_quantiles_p75": 100.84952485175006,
    "results_end_to_end_latency_s_quantiles_p90": 115.03357645829969,
    "results_end_to_end_latency_s_quantiles_p95": 120.28678651174985,
    "results_end_to_end_latency_s_quantiles_p99": 124.05576904891018,
    "results_end_to_end_latency_s_mean": 47.530292230038214,
    "results_end_to_end_latency_s_min": 2.371450696000011,
    "results_end_to_end_latency_s_max": 131.1809608220001,
    "results_end_to_end_latency_s_stddev": 42.038374955445654,
    "results_request_output_throughput_token_per_s_quantiles_p25": 15.519097623031604,
    "results_request_output_throughput_token_per_s_quantiles_p50": 16.588438958169966,
    "results_request_output_throughput_token_per_s_quantiles_p75": 17.45268922857163,
    "results_request_output_throughput_token_per_s_quantiles_p90": 17.98092275401629,
    "results_request_output_throughput_token_per_s_quantiles_p95": 18.234718620420097,
    "results_request_output_throughput_token_per_s_quantiles_p99": 18.949789795584653,
    "results_request_output_throughput_token_per_s_mean": 16.214090362528353,
    "results_request_output_throughput_token_per_s_min": 0.5918875022941621,
    "results_request_output_throughput_token_per_s_max": 19.92175495598986,
    "results_request_output_throughput_token_per_s_stddev": 1.8485946410972296,
    "results_number_input_tokens_quantiles_p25": 98.0,
    "results_number_input_tokens_quantiles_p50": 100.0,
    "results_number_input_tokens_quantiles_p75": 101.0,
    "results_number_input_tokens_quantiles_p90": 102.0,
    "results_number_input_tokens_quantiles_p95": 103.0,
    "results_number_input_tokens_quantiles_p99": 104.0,
    "results_number_input_tokens_mean": 99.5396984924623,
    "results_number_input_tokens_min": 93,
    "results_number_input_tokens_max": 106,
    "results_number_input_tokens_stddev": 2.000799716822098,
    "results_number_output_tokens_quantiles_p25": 198.0,
    "results_number_output_tokens_quantiles_p50": 500.0,
    "results_number_output_tokens_quantiles_p75": 1798.75,
    "results_number_output_tokens_quantiles_p90": 1957.0,
    "results_number_output_tokens_quantiles_p95": 1972.0,
    "results_number_output_tokens_quantiles_p99": 2015.11,
    "results_number_output_tokens_mean": 806.2723618090453,
    "results_number_output_tokens_min": 3,
    "results_number_output_tokens_max": 2113,
    "results_number_output_tokens_stddev": 723.8418208342811,
    "results_num_requests_started": 2000,
    "results_error_rate": 0.005,
    "results_number_errors": 10,
    "results_error_code_frequency": "{424.0: 8, 500.0: 2}",
    "results_mean_output_throughput_token_per_s": 2513.3532439769324,
    "results_num_completed_requests": 1990,
    "results_num_completed_requests_per_min": 187.0350538870774,
    "timestamp": 1710840694
}