{
    "version": "2023-08-31",
    "name": "Mistral-large-Sweden_400_1600_summary",
    "model": "Mistral-large-Sweden",
    "mean_input_tokens": 400,
    "stddev_input_tokens": 2,
    "mean_output_tokens": 1600,
    "stddev_output_tokens": 2,
    "num_concurrent_requests": 1000,
    "results_inter_token_latency_s_quantiles_p25": 0.041588696073158925,
    "results_inter_token_latency_s_quantiles_p50": 0.042760802774702726,
    "results_inter_token_latency_s_quantiles_p75": 0.04391342339186753,
    "results_inter_token_latency_s_quantiles_p90": 0.04521246423854316,
    "results_inter_token_latency_s_quantiles_p95": 0.046890208958008606,
    "results_inter_token_latency_s_quantiles_p99": 0.05466915829641611,
    "results_inter_token_latency_s_mean": 0.04622057647326733,
    "results_inter_token_latency_s_min": 0.03633110701424552,
    "results_inter_token_latency_s_max": 0.8797735573334649,
    "results_inter_token_latency_s_stddev": 0.049633259847596825,
    "results_ttft_s_quantiles_p25": 2.2277792904997114,
    "results_ttft_s_quantiles_p50": 2.3644882329999746,
    "results_ttft_s_quantiles_p75": 2.506281571999807,
    "results_ttft_s_quantiles_p90": 2.633960258098887,
    "results_ttft_s_quantiles_p95": 2.74058978065068,
    "results_ttft_s_quantiles_p99": 3.8229396635301236,
    "results_ttft_s_mean": 2.3943836509079786,
    "results_ttft_s_min": 1.403137199999037,
    "results_ttft_s_max": 6.319808967999052,
    "results_ttft_s_stddev": 0.37448721324139844,
    "results_end_to_end_latency_s_quantiles_p25": 15.759836600000654,
    "results_end_to_end_latency_s_quantiles_p50": 21.270887018499707,
    "results_end_to_end_latency_s_quantiles_p75": 33.962434651749845,
    "results_end_to_end_latency_s_quantiles_p90": 64.68165352839969,
    "results_end_to_end_latency_s_quantiles_p95": 68.8034174012514,
    "results_end_to_end_latency_s_quantiles_p99": 70.88206999116032,
    "results_end_to_end_latency_s_mean": 28.28464568155964,
    "results_end_to_end_latency_s_min": 2.1579536520002875,
    "results_end_to_end_latency_s_max": 76.14728220899997,
    "results_end_to_end_latency_s_stddev": 17.296162013644444,
    "results_request_output_throughput_token_per_s_quantiles_p25": 22.10127937875096,
    "results_request_output_throughput_token_per_s_quantiles_p50": 22.697923988868897,
    "results_request_output_throughput_token_per_s_quantiles_p75": 23.300890462812248,
    "results_request_output_throughput_token_per_s_quantiles_p90": 23.93592905796305,
    "results_request_output_throughput_token_per_s_quantiles_p95": 24.316782472823675,
    "results_request_output_throughput_token_per_s_quantiles_p99": 24.974669373091114,
    "results_request_output_throughput_token_per_s_mean": 22.546934177566406,
    "results_request_output_throughput_token_per_s_min": 1.1256195546515226,
    "results_request_output_throughput_token_per_s_max": 26.36123427741814,
    "results_request_output_throughput_token_per_s_stddev": 1.8493234098864988,
    "results_number_input_tokens_quantiles_p25": 398.0,
    "results_number_input_tokens_quantiles_p50": 400.0,
    "results_number_input_tokens_quantiles_p75": 401.0,
    "results_number_input_tokens_quantiles_p90": 402.0,
    "results_number_input_tokens_quantiles_p95": 403.0,
    "results_number_input_tokens_quantiles_p99": 404.0,
    "results_number_input_tokens_mean": 399.5327731092437,
    "results_number_input_tokens_min": 393,
    "results_number_input_tokens_max": 406,
    "results_number_input_tokens_stddev": 2.0000466259255107,
    "results_number_output_tokens_quantiles_p25": 359.0,
    "results_number_output_tokens_quantiles_p50": 490.0,
    "results_number_output_tokens_quantiles_p75": 802.0,
    "results_number_output_tokens_quantiles_p90": 1603.0,
    "results_number_output_tokens_quantiles_p95": 1642.0,
    "results_number_output_tokens_quantiles_p99": 1658.0,
    "results_number_output_tokens_mean": 661.6747899159664,
    "results_number_output_tokens_min": 3,
    "results_number_output_tokens_max": 1696,
    "results_number_output_tokens_stddev": 416.32874449402317,
    "results_num_requests_started": 2380,
    "results_error_rate": 0.0,
    "results_number_errors": 0,
    "results_error_code_frequency": "{}",
    "results_mean_output_throughput_token_per_s": 2623.362961243676,
    "results_num_completed_requests": 2380,
    "results_num_completed_requests_per_min": 237.8838971552941,
    "timestamp": 1710864297
}