{
    "version": "2023-08-31",
    "name": "Mistral-large-france_600_2400_summary",
    "model": "Mistral-large-france",
    "mean_input_tokens": 600,
    "stddev_input_tokens": 2,
    "mean_output_tokens": 2400,
    "stddev_output_tokens": 2,
    "num_concurrent_requests": 1000,
    "results_inter_token_latency_s_quantiles_p25": 0.0558583865181812,
    "results_inter_token_latency_s_quantiles_p50": 0.05788241690825546,
    "results_inter_token_latency_s_quantiles_p75": 0.06001540181230188,
    "results_inter_token_latency_s_quantiles_p90": 0.062174259598307205,
    "results_inter_token_latency_s_quantiles_p95": 0.06458838151697327,
    "results_inter_token_latency_s_quantiles_p99": 0.07004386846955646,
    "results_inter_token_latency_s_mean": 0.06193574125360957,
    "results_inter_token_latency_s_min": 0.048643471111458635,
    "results_inter_token_latency_s_max": 1.2262788196667316,
    "results_inter_token_latency_s_stddev": 0.061986804022492355,
    "results_ttft_s_quantiles_p25": 2.8644732169998406,
    "results_ttft_s_quantiles_p50": 3.0597999269994034,
    "results_ttft_s_quantiles_p75": 3.3126968847495846,
    "results_ttft_s_quantiles_p90": 3.60119296660032,
    "results_ttft_s_quantiles_p95": 3.814535261149922,
    "results_ttft_s_quantiles_p99": 4.683347678529917,
    "results_ttft_s_mean": 3.1317569076129925,
    "results_ttft_s_min": 1.7115615789998628,
    "results_ttft_s_max": 7.882460430999345,
    "results_ttft_s_stddev": 0.44936690385908556,
    "results_end_to_end_latency_s_quantiles_p25": 29.27925052699993,
    "results_end_to_end_latency_s_quantiles_p50": 32.94800154050017,
    "results_end_to_end_latency_s_quantiles_p75": 51.00086023325002,
    "results_end_to_end_latency_s_quantiles_p90": 99.14642221840059,
    "results_end_to_end_latency_s_quantiles_p95": 136.6200833856495,
    "results_end_to_end_latency_s_quantiles_p99": 144.47150394971976,
    "results_end_to_end_latency_s_mean": 47.328630167929475,
    "results_end_to_end_latency_s_min": 2.7968823809997048,
    "results_end_to_end_latency_s_max": 153.44495103099962,
    "results_end_to_end_latency_s_stddev": 32.51695784154704,
    "results_request_output_throughput_token_per_s_quantiles_p25": 16.221505917903325,
    "results_request_output_throughput_token_per_s_quantiles_p50": 16.81262968154026,
    "results_request_output_throughput_token_per_s_quantiles_p75": 17.410447522272822,
    "results_request_output_throughput_token_per_s_quantiles_p90": 18.20968613165486,
    "results_request_output_throughput_token_per_s_quantiles_p95": 18.594572932982267,
    "results_request_output_throughput_token_per_s_quantiles_p99": 19.095694697932995,
    "results_request_output_throughput_token_per_s_mean": 16.77219058402255,
    "results_request_output_throughput_token_per_s_min": 0.8154523756505904,
    "results_request_output_throughput_token_per_s_max": 19.999261739800012,
    "results_request_output_throughput_token_per_s_stddev": 1.4470879622104282,
    "results_number_input_tokens_quantiles_p25": 598.0,
    "results_number_input_tokens_quantiles_p50": 599.0,
    "results_number_input_tokens_quantiles_p75": 601.0,
    "results_number_input_tokens_quantiles_p90": 602.0,
    "results_number_input_tokens_quantiles_p95": 603.0,
    "results_number_input_tokens_quantiles_p99": 604.0,
    "results_number_input_tokens_mean": 599.577,
    "results_number_input_tokens_min": 591,
    "results_number_input_tokens_max": 606,
    "results_number_input_tokens_stddev": 1.9519159787229574,
    "results_number_output_tokens_quantiles_p25": 508.0,
    "results_number_output_tokens_quantiles_p50": 547.0,
    "results_number_output_tokens_quantiles_p75": 883.0,
    "results_number_output_tokens_quantiles_p90": 1712.800000000001,
    "results_number_output_tokens_quantiles_p95": 2459.05,
    "results_number_output_tokens_quantiles_p99": 2487.0,
    "results_number_output_tokens_mean": 823.748,
    "results_number_output_tokens_min": 3,
    "results_number_output_tokens_max": 2577,
    "results_number_output_tokens_stddev": 587.8930852083716,
    "results_num_requests_started": 2000,
    "results_error_rate": 0.0,
    "results_number_errors": 0,
    "results_error_code_frequency": "{}",
    "results_mean_output_throughput_token_per_s": 2566.0982773044743,
    "results_num_completed_requests": 2000,
    "results_num_completed_requests_per_min": 186.90897779207774,
    "timestamp": 1710843261
}