{
    "version": "2023-08-31",
    "name": "Mistral-large-Sweden_200_1800_summary",
    "model": "Mistral-large-Sweden",
    "mean_input_tokens": 200,
    "stddev_input_tokens": 2,
    "mean_output_tokens": 1800,
    "stddev_output_tokens": 2,
    "num_concurrent_requests": 1000,
    "results_inter_token_latency_s_quantiles_p25": 0.04161445385470449,
    "results_inter_token_latency_s_quantiles_p50": 0.04310092183610041,
    "results_inter_token_latency_s_quantiles_p75": 0.04447289978231044,
    "results_inter_token_latency_s_quantiles_p90": 0.04598002806010831,
    "results_inter_token_latency_s_quantiles_p95": 0.04711698258297265,
    "results_inter_token_latency_s_quantiles_p99": 0.052390664782350826,
    "results_inter_token_latency_s_mean": 0.046800844148474484,
    "results_inter_token_latency_s_min": 0.036682044186407456,
    "results_inter_token_latency_s_max": 0.9018170066665334,
    "results_inter_token_latency_s_stddev": 0.052362505181735006,
    "results_ttft_s_quantiles_p25": 2.238168463000875,
    "results_ttft_s_quantiles_p50": 2.369764817000032,
    "results_ttft_s_quantiles_p75": 2.502961397499803,
    "results_ttft_s_quantiles_p90": 2.6368381342994325,
    "results_ttft_s_quantiles_p95": 2.738453884049977,
    "results_ttft_s_quantiles_p99": 3.2970407206598,
    "results_ttft_s_mean": 2.387971845065875,
    "results_ttft_s_min": 1.4008422650003922,
    "results_ttft_s_max": 4.686041533999742,
    "results_ttft_s_stddev": 0.2484720958019483,
    "results_end_to_end_latency_s_quantiles_p25": 12.41442657124935,
    "results_end_to_end_latency_s_quantiles_p50": 21.779212831499535,
    "results_end_to_end_latency_s_quantiles_p75": 42.633913718500935,
    "results_end_to_end_latency_s_quantiles_p90": 76.75339402560057,
    "results_end_to_end_latency_s_quantiles_p95": 79.20371900800036,
    "results_end_to_end_latency_s_quantiles_p99": 81.0137085001301,
    "results_end_to_end_latency_s_mean": 31.53188142163094,
    "results_end_to_end_latency_s_min": 2.065836521000165,
    "results_end_to_end_latency_s_max": 82.00159719099975,
    "results_end_to_end_latency_s_stddev": 24.526168577006434,
    "results_request_output_throughput_token_per_s_quantiles_p25": 21.77895038553172,
    "results_request_output_throughput_token_per_s_quantiles_p50": 22.464289970109554,
    "results_request_output_throughput_token_per_s_quantiles_p75": 23.313163372188694,
    "results_request_output_throughput_token_per_s_quantiles_p90": 24.044630241971205,
    "results_request_output_throughput_token_per_s_quantiles_p95": 24.565430625365195,
    "results_request_output_throughput_token_per_s_quantiles_p99": 25.278926893345282,
    "results_request_output_throughput_token_per_s_mean": 22.400195103337857,
    "results_request_output_throughput_token_per_s_min": 1.1088253645417478,
    "results_request_output_throughput_token_per_s_max": 26.2582176722381,
    "results_request_output_throughput_token_per_s_stddev": 1.9685009654709191,
    "results_number_input_tokens_quantiles_p25": 198.0,
    "results_number_input_tokens_quantiles_p50": 199.0,
    "results_number_input_tokens_quantiles_p75": 201.0,
    "results_number_input_tokens_quantiles_p90": 202.0,
    "results_number_input_tokens_quantiles_p95": 203.0,
    "results_number_input_tokens_quantiles_p99": 204.0,
    "results_number_input_tokens_mean": 199.50559862187768,
    "results_number_input_tokens_min": 193,
    "results_number_input_tokens_max": 207,
    "results_number_input_tokens_stddev": 2.070954548899786,
    "results_number_output_tokens_quantiles_p25": 282.0,
    "results_number_output_tokens_quantiles_p50": 503.0,
    "results_number_output_tokens_quantiles_p75": 1007.75,
    "results_number_output_tokens_quantiles_p90": 1845.0,
    "results_number_output_tokens_quantiles_p95": 1861.0,
    "results_number_output_tokens_quantiles_p99": 1888.79,
    "results_number_output_tokens_mean": 741.219638242894,
    "results_number_output_tokens_min": 3,
    "results_number_output_tokens_max": 1932,
    "results_number_output_tokens_stddev": 592.6781409073484,
    "results_num_requests_started": 2322,
    "results_error_rate": 0.0,
    "results_number_errors": 0,
    "results_error_code_frequency": "{}",
    "results_mean_output_throughput_token_per_s": 2867.1774996586773,
    "results_num_completed_requests": 2322,
    "results_num_completed_requests_per_min": 232.0913277302389,
    "timestamp": 1710865847
}