{
    "version": "2023-08-31",
    "name": "Mistral-large-france_600_2400_summary",
    "model": "Mistral-large-france",
    "mean_input_tokens": 600,
    "stddev_input_tokens": 2,
    "mean_output_tokens": 2400,
    "stddev_output_tokens": 2,
    "num_concurrent_requests": 1000,
    "results_inter_token_latency_s_quantiles_p25": 0.054883978897474685,
    "results_inter_token_latency_s_quantiles_p50": 0.05728093822325957,
    "results_inter_token_latency_s_quantiles_p75": 0.05910529995096348,
    "results_inter_token_latency_s_quantiles_p90": 0.06108233270839416,
    "results_inter_token_latency_s_quantiles_p95": 0.06293046619068009,
    "results_inter_token_latency_s_quantiles_p99": 0.07525357071688228,
    "results_inter_token_latency_s_mean": 0.05988657442453941,
    "results_inter_token_latency_s_min": 0.04759622197183649,
    "results_inter_token_latency_s_max": 1.1431843159998607,
    "results_inter_token_latency_s_stddev": 0.04983316873110302,
    "results_ttft_s_quantiles_p25": 2.841556496499834,
    "results_ttft_s_quantiles_p50": 3.0458837870000934,
    "results_ttft_s_quantiles_p75": 3.2636117219999505,
    "results_ttft_s_quantiles_p90": 3.5244230671998595,
    "results_ttft_s_quantiles_p95": 3.737370693600587,
    "results_ttft_s_quantiles_p99": 4.2440496898204945,
    "results_ttft_s_mean": 3.0817948359434606,
    "results_ttft_s_min": 1.7055770310007574,
    "results_ttft_s_max": 4.9423657759998605,
    "results_ttft_s_stddev": 0.3620568399409585,
    "results_end_to_end_latency_s_quantiles_p25": 29.069445973500024,
    "results_end_to_end_latency_s_quantiles_p50": 32.36568929199984,
    "results_end_to_end_latency_s_quantiles_p75": 50.95332104799991,
    "results_end_to_end_latency_s_quantiles_p90": 90.62039951900024,
    "results_end_to_end_latency_s_quantiles_p95": 132.3176416069,
    "results_end_to_end_latency_s_quantiles_p99": 144.25904254124032,
    "results_end_to_end_latency_s_mean": 46.531504089835316,
    "results_end_to_end_latency_s_min": 2.730347193999478,
    "results_end_to_end_latency_s_max": 158.142558388,
    "results_end_to_end_latency_s_stddev": 31.252243297091855,
    "results_request_output_throughput_token_per_s_quantiles_p25": 16.47080159495657,
    "results_request_output_throughput_token_per_s_quantiles_p50": 16.96974119979397,
    "results_request_output_throughput_token_per_s_quantiles_p75": 17.713662643278425,
    "results_request_output_throughput_token_per_s_quantiles_p90": 18.368835310881845,
    "results_request_output_throughput_token_per_s_quantiles_p95": 18.72659712855644,
    "results_request_output_throughput_token_per_s_quantiles_p99": 19.234276319162092,
    "results_request_output_throughput_token_per_s_mean": 16.99848504396339,
    "results_request_output_throughput_token_per_s_min": 0.8747170873003492,
    "results_request_output_throughput_token_per_s_max": 20.277751699476138,
    "results_request_output_throughput_token_per_s_stddev": 1.3748837877570301,
    "results_number_input_tokens_quantiles_p25": 598.0,
    "results_number_input_tokens_quantiles_p50": 599.0,
    "results_number_input_tokens_quantiles_p75": 601.0,
    "results_number_input_tokens_quantiles_p90": 602.0,
    "results_number_input_tokens_quantiles_p95": 603.0,
    "results_number_input_tokens_quantiles_p99": 604.0,
    "results_number_input_tokens_mean": 599.4492246123061,
    "results_number_input_tokens_min": 593,
    "results_number_input_tokens_max": 606,
    "results_number_input_tokens_stddev": 2.0237078698807225,
    "results_number_output_tokens_quantiles_p25": 513.0,
    "results_number_output_tokens_quantiles_p50": 549.0,
    "results_number_output_tokens_quantiles_p75": 896.5,
    "results_number_output_tokens_quantiles_p90": 1616.6000000000001,
    "results_number_output_tokens_quantiles_p95": 2455.0,
    "results_number_output_tokens_quantiles_p99": 2484.02,
    "results_number_output_tokens_mean": 818.6378189094547,
    "results_number_output_tokens_min": 3,
    "results_number_output_tokens_max": 2526,
    "results_number_output_tokens_stddev": 569.7198404365362,
    "results_num_requests_started": 2000,
    "results_error_rate": 0.0005,
    "results_number_errors": 1,
    "results_error_code_frequency": "{500.0: 1}",
    "results_mean_output_throughput_token_per_s": 2439.449653019188,
    "results_num_completed_requests": 1999,
    "results_num_completed_requests_per_min": 178.79332691486636,
    "timestamp": 1710844056
}