{
    "version": "2023-08-31",
    "name": "llama-3-8b-instruct_100_400_summary",
    "model": "llama-3-8b-instruct",
    "mean_input_tokens": 100,
    "stddev_input_tokens": 2,
    "mean_output_tokens": 400,
    "stddev_output_tokens": 2,
    "num_concurrent_requests": 64,
    "results_inter_token_latency_s_quantiles_p25": 0.013734001785619772,
    "results_inter_token_latency_s_quantiles_p50": 0.03036705520116275,
    "results_inter_token_latency_s_quantiles_p75": 0.03632395092055588,
    "results_inter_token_latency_s_quantiles_p90": 0.03958511237150631,
    "results_inter_token_latency_s_quantiles_p95": 0.042792628478630516,
    "results_inter_token_latency_s_quantiles_p99": 0.2837498515876745,
    "results_inter_token_latency_s_mean": 0.033101613125517966,
    "results_inter_token_latency_s_min": 0.011216445046460142,
    "results_inter_token_latency_s_max": 1.1139049290000003,
    "results_inter_token_latency_s_stddev": 0.07810470573639547,
    "results_ttft_s_quantiles_p25": 0.7673103855001955,
    "results_ttft_s_quantiles_p50": 1.426116752499638,
    "results_ttft_s_quantiles_p75": 1.8696819702495304,
    "results_ttft_s_quantiles_p90": 2.592385462599941,
    "results_ttft_s_quantiles_p95": 3.021989470650214,
    "results_ttft_s_quantiles_p99": 3.406843686120155,
    "results_ttft_s_mean": 1.4688986841607106,
    "results_ttft_s_min": 0.5746448429999873,
    "results_ttft_s_max": 4.921454383999844,
    "results_ttft_s_stddev": 0.7687705090382616,
    "results_end_to_end_latency_s_quantiles_p25": 1.5431311119998554,
    "results_end_to_end_latency_s_quantiles_p50": 2.8915327109998543,
    "results_end_to_end_latency_s_quantiles_p75": 4.836931348500002,
    "results_end_to_end_latency_s_quantiles_p90": 7.677616106900129,
    "results_end_to_end_latency_s_quantiles_p95": 10.041464523899359,
    "results_end_to_end_latency_s_quantiles_p99": 16.47771233095076,
    "results_end_to_end_latency_s_mean": 3.8493685137460103,
    "results_end_to_end_latency_s_min": 0.5819846950007559,
    "results_end_to_end_latency_s_max": 17.730294580999725,
    "results_end_to_end_latency_s_stddev": 3.3046464425140276,
    "results_request_output_throughput_token_per_s_quantiles_p25": 24.078809023769146,
    "results_request_output_throughput_token_per_s_quantiles_p50": 27.349364248016634,
    "results_request_output_throughput_token_per_s_quantiles_p75": 63.00583131727466,
    "results_request_output_throughput_token_per_s_quantiles_p90": 65.76582843810621,
    "results_request_output_throughput_token_per_s_quantiles_p95": 66.69684803731172,
    "results_request_output_throughput_token_per_s_quantiles_p99": 69.16687192532162,
    "results_request_output_throughput_token_per_s_mean": 42.412595594418924,
    "results_request_output_throughput_token_per_s_min": 1.3465452438704784,
    "results_request_output_throughput_token_per_s_max": 70.59472071640045,
    "results_request_output_throughput_token_per_s_stddev": 20.007825767562746,
    "results_number_input_tokens_quantiles_p25": 98.0,
    "results_number_input_tokens_quantiles_p50": 100.0,
    "results_number_input_tokens_quantiles_p75": 101.0,
    "results_number_input_tokens_quantiles_p90": 102.0,
    "results_number_input_tokens_quantiles_p95": 103.0,
    "results_number_input_tokens_quantiles_p99": 104.0,
    "results_number_input_tokens_mean": 99.51587301587301,
    "results_number_input_tokens_min": 94,
    "results_number_input_tokens_max": 104,
    "results_number_input_tokens_stddev": 1.9849698736630512,
    "results_number_output_tokens_quantiles_p25": 82.0,
    "results_number_output_tokens_quantiles_p50": 111.0,
    "results_number_output_tokens_quantiles_p75": 192.5,
    "results_number_output_tokens_quantiles_p90": 304.49999999999994,
    "results_number_output_tokens_quantiles_p95": 466.39999999999986,
    "results_number_output_tokens_quantiles_p99": 505.96999999999997,
    "results_number_output_tokens_mean": 153.93849206349208,
    "results_number_output_tokens_min": 2,
    "results_number_output_tokens_max": 512,
    "results_number_output_tokens_stddev": 113.29671360909028,
    "results_num_requests_started": 512,
    "results_error_rate": 0.015625,
    "results_number_errors": 8,
    "results_error_code_frequency": "{400.0: 8}",
    "results_mean_output_throughput_token_per_s": 387.41414566768475,
    "results_num_completed_requests": 504,
    "results_num_completed_requests_per_min": 151.00088631811286,
    "timestamp": 1713955594
}