{
    "version": "2023-08-31",
    "name": "meta-llama-Meta-Llama-3-70B-Instruct_100_400_summary",
    "model": "meta-llama/Meta-Llama-3-70B-Instruct",
    "mean_input_tokens": 100,
    "stddev_input_tokens": 2,
    "mean_output_tokens": 400,
    "stddev_output_tokens": 2,
    "num_concurrent_requests": 10,
    "results_inter_token_latency_s_quantiles_p25": 0.04850175826457517,
    "results_inter_token_latency_s_quantiles_p50": 0.054701399391501884,
    "results_inter_token_latency_s_quantiles_p75": 0.06062123970295507,
    "results_inter_token_latency_s_quantiles_p90": 0.06802110213553358,
    "results_inter_token_latency_s_quantiles_p95": 0.07276004464951072,
    "results_inter_token_latency_s_quantiles_p99": 0.08322958392660185,
    "results_inter_token_latency_s_mean": 0.05593806657520911,
    "results_inter_token_latency_s_min": 0.03943517666328588,
    "results_inter_token_latency_s_max": 0.10209762850000617,
    "results_inter_token_latency_s_stddev": 0.0090936512824756,
    "results_ttft_s_quantiles_p25": 2.511507475500025,
    "results_ttft_s_quantiles_p50": 2.6193367609999427,
    "results_ttft_s_quantiles_p75": 2.7001618252500634,
    "results_ttft_s_quantiles_p90": 2.8114738560999286,
    "results_ttft_s_quantiles_p95": 2.8690899531999436,
    "results_ttft_s_quantiles_p99": 2.9676405761600653,
    "results_ttft_s_mean": 2.577650139438463,
    "results_ttft_s_min": 1.382677474999923,
    "results_ttft_s_max": 2.974298815000111,
    "results_ttft_s_stddev": 0.2379697896976155,
    "results_end_to_end_latency_s_quantiles_p25": 3.4955349867500445,
    "results_end_to_end_latency_s_quantiles_p50": 5.788545190499917,
    "results_end_to_end_latency_s_quantiles_p75": 18.481777461250033,
    "results_end_to_end_latency_s_quantiles_p90": 23.640518154899997,
    "results_end_to_end_latency_s_quantiles_p95": 23.86209532815017,
    "results_end_to_end_latency_s_quantiles_p99": 24.11443369592002,
    "results_end_to_end_latency_s_mean": 10.526320554157698,
    "results_end_to_end_latency_s_min": 1.4858654419999766,
    "results_end_to_end_latency_s_max": 24.286425652000162,
    "results_end_to_end_latency_s_stddev": 8.22677073871067,
    "results_request_output_throughput_token_per_s_quantiles_p25": 13.993199201764435,
    "results_request_output_throughput_token_per_s_quantiles_p50": 15.755791593183526,
    "results_request_output_throughput_token_per_s_quantiles_p75": 16.794153162771053,
    "results_request_output_throughput_token_per_s_quantiles_p90": 17.060267019527235,
    "results_request_output_throughput_token_per_s_quantiles_p95": 17.167436798527728,
    "results_request_output_throughput_token_per_s_quantiles_p99": 17.375179136564103,
    "results_request_output_throughput_token_per_s_mean": 15.200790947770349,
    "results_request_output_throughput_token_per_s_min": 8.773522861809047,
    "results_request_output_throughput_token_per_s_max": 17.463891690958448,
    "results_request_output_throughput_token_per_s_stddev": 1.864442339694017,
    "results_number_input_tokens_quantiles_p25": 98.0,
    "results_number_input_tokens_quantiles_p50": 99.5,
    "results_number_input_tokens_quantiles_p75": 101.0,
    "results_number_input_tokens_quantiles_p90": 102.0,
    "results_number_input_tokens_quantiles_p95": 103.0,
    "results_number_input_tokens_quantiles_p99": 104.0,
    "results_number_input_tokens_mean": 99.56153846153846,
    "results_number_input_tokens_min": 93,
    "results_number_input_tokens_max": 104,
    "results_number_input_tokens_stddev": 1.9980834297739916,
    "results_number_output_tokens_quantiles_p25": 56.75,
    "results_number_output_tokens_quantiles_p50": 101.0,
    "results_number_output_tokens_quantiles_p75": 369.0,
    "results_number_output_tokens_quantiles_p90": 503.0,
    "results_number_output_tokens_quantiles_p95": 511.15,
    "results_number_output_tokens_quantiles_p99": 529.0,
    "results_number_output_tokens_mean": 209.34615384615384,
    "results_number_output_tokens_min": 17,
    "results_number_output_tokens_max": 591,
    "results_number_output_tokens_stddev": 181.85917635291335,
    "results_num_requests_started": 260,
    "results_error_rate": 0.0,
    "results_number_errors": 0,
    "results_error_code_frequency": "{}",
    "results_mean_output_throughput_token_per_s": 89.00996457395011,
    "results_num_completed_requests": 260,
    "results_num_completed_requests_per_min": 25.510847829388602,
    "timestamp": 1714123064
}