{
    "version": "2023-08-31",
    "name": "Meta-Llama-3-8B-Instruct_100_400_summary",
    "model": "Meta-Llama-3-8B-Instruct",
    "mean_input_tokens": 100,
    "stddev_input_tokens": 2,
    "mean_output_tokens": 400,
    "stddev_output_tokens": 2,
    "num_concurrent_requests": 10,
    "results_inter_token_latency_s_quantiles_p25": 0.01175218312201508,
    "results_inter_token_latency_s_quantiles_p50": 0.013143819210895637,
    "results_inter_token_latency_s_quantiles_p75": 0.029813250081889026,
    "results_inter_token_latency_s_quantiles_p90": 0.03167305132840924,
    "results_inter_token_latency_s_quantiles_p95": 0.03239495839844335,
    "results_inter_token_latency_s_quantiles_p99": 0.23812158747010426,
    "results_inter_token_latency_s_mean": 0.025609426367335812,
    "results_inter_token_latency_s_min": 0.0033343777870031405,
    "results_inter_token_latency_s_max": 0.7957865956665652,
    "results_inter_token_latency_s_stddev": 0.05886132122088738,
    "results_ttft_s_quantiles_p25": 0.7428968542503753,
    "results_ttft_s_quantiles_p50": 1.3565672055001414,
    "results_ttft_s_quantiles_p75": 2.027795816749631,
    "results_ttft_s_quantiles_p90": 2.4872954619002487,
    "results_ttft_s_quantiles_p95": 2.7526841978507037,
    "results_ttft_s_quantiles_p99": 3.382608790990589,
    "results_ttft_s_mean": 1.4557214810500179,
    "results_ttft_s_min": 0.4897703269998601,
    "results_ttft_s_max": 3.79259606100004,
    "results_ttft_s_stddev": 0.741167540058004,
    "results_end_to_end_latency_s_quantiles_p25": 5.935467730249911,
    "results_end_to_end_latency_s_quantiles_p50": 6.527410672000315,
    "results_end_to_end_latency_s_quantiles_p75": 14.692747407249726,
    "results_end_to_end_latency_s_quantiles_p90": 15.005498406399965,
    "results_end_to_end_latency_s_quantiles_p95": 15.245515706649531,
    "results_end_to_end_latency_s_quantiles_p99": 15.849177832440386,
    "results_end_to_end_latency_s_mean": 10.18919575807632,
    "results_end_to_end_latency_s_min": 0.6088593869999386,
    "results_end_to_end_latency_s_max": 16.455369864000204,
    "results_end_to_end_latency_s_stddev": 4.555867732238798,
    "results_request_output_throughput_token_per_s_quantiles_p25": 27.14732882531241,
    "results_request_output_throughput_token_per_s_quantiles_p50": 28.204704281181446,
    "results_request_output_throughput_token_per_s_quantiles_p75": 67.2598583027723,
    "results_request_output_throughput_token_per_s_quantiles_p90": 68.37662754325657,
    "results_request_output_throughput_token_per_s_quantiles_p95": 68.89257016678137,
    "results_request_output_throughput_token_per_s_quantiles_p99": 69.61852191428017,
    "results_request_output_throughput_token_per_s_mean": 46.2512744711429,
    "results_request_output_throughput_token_per_s_min": 1.2565719314123671,
    "results_request_output_throughput_token_per_s_max": 72.44153084945896,
    "results_request_output_throughput_token_per_s_stddev": 20.695248610704542,
    "results_number_input_tokens_quantiles_p25": 98.0,
    "results_number_input_tokens_quantiles_p50": 100.0,
    "results_number_input_tokens_quantiles_p75": 101.0,
    "results_number_input_tokens_quantiles_p90": 102.0,
    "results_number_input_tokens_quantiles_p95": 103.0,
    "results_number_input_tokens_quantiles_p99": 104.0,
    "results_number_input_tokens_mean": 99.61315789473684,
    "results_number_input_tokens_min": 94,
    "results_number_input_tokens_max": 105,
    "results_number_input_tokens_stddev": 1.9506674390713188,
    "results_number_output_tokens_quantiles_p25": 473.75,
    "results_number_output_tokens_quantiles_p50": 496.0,
    "results_number_output_tokens_quantiles_p75": 530.5,
    "results_number_output_tokens_quantiles_p90": 1069.2000000000025,
    "results_number_output_tokens_quantiles_p95": 1536.9,
    "results_number_output_tokens_quantiles_p99": 1724.7499999999984,
    "results_number_output_tokens_mean": 605.3552631578947,
    "results_number_output_tokens_min": 3,
    "results_number_output_tokens_max": 2287,
    "results_number_output_tokens_stddev": 338.8844692243375,
    "results_num_requests_started": 380,
    "results_error_rate": 0.0,
    "results_number_errors": 0,
    "results_error_code_frequency": "{}",
    "results_mean_output_throughput_token_per_s": 381.98796211995256,
    "results_num_completed_requests": 380,
    "results_num_completed_requests_per_min": 37.86087132973208,
    "timestamp": 1713533509
}