{
    "version": "2023-08-31",
    "name": "Llama-2-70b-chat_400_100_summary",
    "model": "Llama-2-70b-chat",
    "mean_input_tokens": 400,
    "stddev_input_tokens": 2,
    "mean_output_tokens": 100,
    "stddev_output_tokens": 2,
    "num_concurrent_requests": 10,
    "results_inter_token_latency_s_quantiles_p25": 0.05709980728846461,
    "results_inter_token_latency_s_quantiles_p50": 0.05862495387364068,
    "results_inter_token_latency_s_quantiles_p75": 0.06006428899489413,
    "results_inter_token_latency_s_quantiles_p90": 0.06161143987284287,
    "results_inter_token_latency_s_quantiles_p95": 0.06223404816833139,
    "results_inter_token_latency_s_quantiles_p99": 0.08387187809985647,
    "results_inter_token_latency_s_mean": 0.06817339158951714,
    "results_inter_token_latency_s_min": 0.056614225519600346,
    "results_inter_token_latency_s_max": 1.933764650500052,
    "results_inter_token_latency_s_stddev": 0.11869083987146754,
    "results_ttft_s_quantiles_p25": 2.82164367425014,
    "results_ttft_s_quantiles_p50": 3.2638199350001287,
    "results_ttft_s_quantiles_p75": 3.6266010140002436,
    "results_ttft_s_quantiles_p90": 3.89125244080019,
    "results_ttft_s_quantiles_p95": 4.030256574800341,
    "results_ttft_s_quantiles_p99": 4.360013220730016,
    "results_ttft_s_mean": 3.257092124786,
    "results_ttft_s_min": 1.4355835549999938,
    "results_ttft_s_max": 8.296318212999722,
    "results_ttft_s_stddev": 0.5346740907604987,
    "results_end_to_end_latency_s_quantiles_p25": 5.770008839999946,
    "results_end_to_end_latency_s_quantiles_p50": 5.896400655499974,
    "results_end_to_end_latency_s_quantiles_p75": 6.064427451499796,
    "results_end_to_end_latency_s_quantiles_p90": 6.228696543199795,
    "results_end_to_end_latency_s_quantiles_p95": 6.346369505950088,
    "results_end_to_end_latency_s_quantiles_p99": 6.546518382889985,
    "results_end_to_end_latency_s_mean": 5.930476608932006,
    "results_end_to_end_latency_s_min": 2.6509881490001135,
    "results_end_to_end_latency_s_max": 12.70022707399994,
    "results_end_to_end_latency_s_stddev": 0.4464674798933407,
    "results_request_output_throughput_token_per_s_quantiles_p25": 16.634874659698013,
    "results_request_output_throughput_token_per_s_quantiles_p50": 17.039738270332577,
    "results_request_output_throughput_token_per_s_quantiles_p75": 17.49844692745503,
    "results_request_output_throughput_token_per_s_quantiles_p90": 17.554515816238492,
    "results_request_output_throughput_token_per_s_quantiles_p95": 17.573612423142873,
    "results_request_output_throughput_token_per_s_quantiles_p99": 17.611843178586263,
    "results_request_output_throughput_token_per_s_mean": 16.856777418040725,
    "results_request_output_throughput_token_per_s_min": 0.7756706659430508,
    "results_request_output_throughput_token_per_s_max": 17.647181150857858,
    "results_request_output_throughput_token_per_s_stddev": 1.436737870021082,
    "results_number_input_tokens_quantiles_p25": 398.0,
    "results_number_input_tokens_quantiles_p50": 400.0,
    "results_number_input_tokens_quantiles_p75": 401.0,
    "results_number_input_tokens_quantiles_p90": 402.0,
    "results_number_input_tokens_quantiles_p95": 403.0,
    "results_number_input_tokens_quantiles_p99": 404.0,
    "results_number_input_tokens_mean": 399.474,
    "results_number_input_tokens_min": 393,
    "results_number_input_tokens_max": 406,
    "results_number_input_tokens_stddev": 2.0624819183029612,
    "results_number_output_tokens_quantiles_p25": 99.0,
    "results_number_output_tokens_quantiles_p50": 101.0,
    "results_number_output_tokens_quantiles_p75": 102.0,
    "results_number_output_tokens_quantiles_p90": 103.0,
    "results_number_output_tokens_quantiles_p95": 104.0,
    "results_number_output_tokens_quantiles_p99": 105.00999999999999,
    "results_number_output_tokens_mean": 99.984,
    "results_number_output_tokens_min": 2,
    "results_number_output_tokens_max": 107,
    "results_number_output_tokens_stddev": 8.016500018405175,
    "results_num_requests_started": 500,
    "results_error_rate": 0.0,
    "results_number_errors": 0,
    "results_error_code_frequency": "{}",
    "results_mean_output_throughput_token_per_s": 130.17869232155692,
    "results_num_completed_requests": 500,
    "results_num_completed_requests_per_min": 78.11971454726174,
    "timestamp": 1713865242
}