{
    "version": "2023-08-31",
    "name": "Mistral-large_2000_8000_summary",
    "model": "Mistral-large",
    "timestamp": 1717494425,
    "subscription_id": "75703df0-38f9-4e2e-8328-45f6fc810286",
    "resource_group": "rg-sonata-eastus",
    "workspaces": "llmperf-project-eastus",
    "mean_input_tokens": 2000,
    "stddev_input_tokens": 2,
    "mean_output_tokens": 8000,
    "stddev_output_tokens": 2,
    "num_concurrent_requests": 30,
    "results_inter_token_latency_s_quantiles_p25": 0.0418774113771673,
    "results_inter_token_latency_s_quantiles_p50": 0.042854627447764554,
    "results_inter_token_latency_s_quantiles_p75": 0.04325062427360971,
    "results_inter_token_latency_s_quantiles_p90": 0.05506628117113376,
    "results_inter_token_latency_s_quantiles_p95": 0.05876220409217293,
    "results_inter_token_latency_s_quantiles_p99": 0.7775259446794083,
    "results_inter_token_latency_s_mean": 0.0733933831831476,
    "results_inter_token_latency_s_min": 0.039898049055617904,
    "results_inter_token_latency_s_max": 1.8081254064999825,
    "results_inter_token_latency_s_stddev": 0.22780288671046875,
    "results_ttft_s_quantiles_p25": 3.303907324000008,
    "results_ttft_s_quantiles_p50": 3.7777058279999665,
    "results_ttft_s_quantiles_p75": 4.40603808474998,
    "results_ttft_s_quantiles_p90": 4.704836629899989,
    "results_ttft_s_quantiles_p95": 4.8896806942999484,
    "results_ttft_s_quantiles_p99": 5.736302467190071,
    "results_ttft_s_mean": 3.8801943953666638,
    "results_ttft_s_min": 2.6932301829999687,
    "results_ttft_s_max": 5.949728276000087,
    "results_ttft_s_stddev": 0.7256147252775639,
    "results_end_to_end_latency_s_quantiles_p25": 85.28339730549997,
    "results_end_to_end_latency_s_quantiles_p50": 346.3195645315,
    "results_end_to_end_latency_s_quantiles_p75": 352.6607498515,
    "results_end_to_end_latency_s_quantiles_p90": 358.5181150616999,
    "results_end_to_end_latency_s_quantiles_p95": 451.71942386219996,
    "results_end_to_end_latency_s_quantiles_p99": 501.06017092291,
    "results_end_to_end_latency_s_mean": 235.63081116914998,
    "results_end_to_end_latency_s_min": 3.6163418119999733,
    "results_end_to_end_latency_s_max": 501.24978686399993,
    "results_end_to_end_latency_s_stddev": 150.28751517920423,
    "results_request_output_throughput_token_per_s_quantiles_p25": 20.772391381025294,
    "results_request_output_throughput_token_per_s_quantiles_p50": 20.979288697153205,
    "results_request_output_throughput_token_per_s_quantiles_p75": 21.504128216290063,
    "results_request_output_throughput_token_per_s_quantiles_p90": 21.84422450186081,
    "results_request_output_throughput_token_per_s_quantiles_p95": 22.152978767170737,
    "results_request_output_throughput_token_per_s_quantiles_p99": 22.357001306968584,
    "results_request_output_throughput_token_per_s_mean": 20.32424556668696,
    "results_request_output_throughput_token_per_s_min": 0.8295676006192808,
    "results_request_output_throughput_token_per_s_max": 22.442277801415905,
    "results_request_output_throughput_token_per_s_stddev": 3.134299758145689,
    "results_number_input_tokens_quantiles_p25": 1999.0,
    "results_number_input_tokens_quantiles_p50": 2000.5,
    "results_number_input_tokens_quantiles_p75": 2001.0,
    "results_number_input_tokens_quantiles_p90": 2003.0,
    "results_number_input_tokens_quantiles_p95": 2004.0,
    "results_number_input_tokens_quantiles_p99": 2005.0,
    "results_number_input_tokens_mean": 2000.2,
    "results_number_input_tokens_min": 1995,
    "results_number_input_tokens_max": 2005,
    "results_number_input_tokens_stddev": 2.1691207310250653,
    "results_number_output_tokens_quantiles_p25": 2080.5,
    "results_number_output_tokens_quantiles_p50": 8164.0,
    "results_number_output_tokens_quantiles_p75": 8199.25,
    "results_number_output_tokens_quantiles_p90": 8205.1,
    "results_number_output_tokens_quantiles_p95": 8206.0,
    "results_number_output_tokens_quantiles_p99": 8282.26,
    "results_number_output_tokens_mean": 5274.1,
    "results_number_output_tokens_min": 2,
    "results_number_output_tokens_max": 8392,
    "results_number_output_tokens_stddev": 3243.575667141832,
    "results_num_requests_started": 60,
    "results_error_rate": 0.0,
    "results_number_errors": 0,
    "results_error_code_frequency": "{}",
    "results_mean_output_throughput_token_per_s": 328.81170794580987,
    "results_num_completed_requests": 60,
    "results_num_completed_requests_per_min": 3.7406766039226773
}