{
    "version": "2023-08-31",
    "name": "groq-llama3-8b-8192_200_800_summary",
    "model": "groq/llama3-8b-8192",
    "timestamp": 1718368319,
    "subscription_id": "75703df0-38f9-4e2e-8328-45f6fc810286",
    "resource_group": "rg-sonata-sweden",
    "workspaces": "llmperf-project-sweden",
    "region": "swedencentral",
    "source_mean_input_tokens": 200,
    "source_stddev_input_tokens": 150,
    "source_mean_output_tokens": 800,
    "source_stddev_output_tokens": 10,
    "source_num_concurrent_requests": 1,
    "source_max_num_completed_requests": 25,
    "results_inter_token_latency_s_quantiles_p25": 0.003245168845617292,
    "results_inter_token_latency_s_quantiles_p50": 0.003867717346612277,
    "results_inter_token_latency_s_quantiles_p75": 0.0061629627866825075,
    "results_inter_token_latency_s_quantiles_p90": 0.008800174982804568,
    "results_inter_token_latency_s_quantiles_p95": 0.010748860260928016,
    "results_inter_token_latency_s_quantiles_p99": 0.012796379320662864,
    "results_inter_token_latency_s_mean": 0.0050263074336594745,
    "results_inter_token_latency_s_min": 0.002116912611491849,
    "results_inter_token_latency_s_max": 0.013354034846088325,
    "results_inter_token_latency_s_stddev": 0.0028182394656553595,
    "results_ttft_s_quantiles_p25": 0.285688874000698,
    "results_ttft_s_quantiles_p50": 0.31601168400084134,
    "results_ttft_s_quantiles_p75": 0.6008234529999754,
    "results_ttft_s_quantiles_p90": 0.8548106293997989,
    "results_ttft_s_quantiles_p95": 0.9849355846006798,
    "results_ttft_s_quantiles_p99": 1.0489654611212609,
    "results_ttft_s_mean": 0.461261589600108,
    "results_ttft_s_min": 0.23908810200009611,
    "results_ttft_s_max": 1.059076688001369,
    "results_ttft_s_stddev": 0.2640288817913712,
    "results_end_to_end_latency_s_quantiles_p25": 0.5454055990012421,
    "results_end_to_end_latency_s_quantiles_p50": 0.783599234000576,
    "results_end_to_end_latency_s_quantiles_p75": 1.037139660998946,
    "results_end_to_end_latency_s_quantiles_p90": 1.3225955981994049,
    "results_end_to_end_latency_s_quantiles_p95": 1.3680566173999977,
    "results_end_to_end_latency_s_quantiles_p99": 1.679194373840509,
    "results_end_to_end_latency_s_mean": 0.8300090225198801,
    "results_end_to_end_latency_s_min": 0.3001230760000908,
    "results_end_to_end_latency_s_max": 1.777215812000577,
    "results_end_to_end_latency_s_stddev": 0.36035516737271506,
    "results_request_output_throughput_token_per_s_quantiles_p25": 132.89778685648392,
    "results_request_output_throughput_token_per_s_quantiles_p50": 203.51826274476366,
    "results_request_output_throughput_token_per_s_quantiles_p75": 261.29557106993656,
    "results_request_output_throughput_token_per_s_quantiles_p90": 312.7449125151322,
    "results_request_output_throughput_token_per_s_quantiles_p95": 347.64747920985036,
    "results_request_output_throughput_token_per_s_quantiles_p99": 376.74241058964043,
    "results_request_output_throughput_token_per_s_mean": 204.86211809093652,
    "results_request_output_throughput_token_per_s_min": 61.28668687152906,
    "results_request_output_throughput_token_per_s_max": 384.48605657056356,
    "results_request_output_throughput_token_per_s_stddev": 85.77595757769572,
    "results_number_input_tokens_quantiles_p25": 113.0,
    "results_number_input_tokens_quantiles_p50": 244.0,
    "results_number_input_tokens_quantiles_p75": 312.0,
    "results_number_input_tokens_quantiles_p90": 361.2,
    "results_number_input_tokens_quantiles_p95": 389.5999999999999,
    "results_number_input_tokens_quantiles_p99": 452.23999999999984,
    "results_number_input_tokens_mean": 222.24,
    "results_number_input_tokens_min": 56,
    "results_number_input_tokens_max": 470,
    "results_number_input_tokens_stddev": 118.4325687188002,
    "results_number_output_tokens_quantiles_p25": 99.0,
    "results_number_output_tokens_quantiles_p50": 215.0,
    "results_number_output_tokens_quantiles_p75": 285.0,
    "results_number_output_tokens_quantiles_p90": 342.8,
    "results_number_output_tokens_quantiles_p95": 395.99999999999983,
    "results_number_output_tokens_quantiles_p99": 547.5999999999997,
    "results_number_output_tokens_mean": 208.76,
    "results_number_output_tokens_min": 31,
    "results_number_output_tokens_max": 592,
    "results_number_output_tokens_stddev": 131.2574696287161,
    "results_num_requests_started": 25,
    "results_error_rate": 0.0,
    "results_number_errors": 0,
    "results_error_code_frequency": "{}",
    "results_mean_output_throughput_token_per_s": 178.5097094062125,
    "results_num_completed_requests": 25,
    "results_num_completed_requests_per_min": 51.30572218994419
}