{
    "version": "2023-08-31",
    "name": "llama-3-8b-instruct_100_400_summary",
    "model": "llama-3-8b-instruct",
    "mean_input_tokens": 100,
    "stddev_input_tokens": 2,
    "mean_output_tokens": 400,
    "stddev_output_tokens": 2,
    "num_concurrent_requests": 10,
    "results_inter_token_latency_s_quantiles_p25": 0.01323888674244506,
    "results_inter_token_latency_s_quantiles_p50": 0.014712675849992252,
    "results_inter_token_latency_s_quantiles_p75": 0.031205779842266666,
    "results_inter_token_latency_s_quantiles_p90": 0.033098099937531954,
    "results_inter_token_latency_s_quantiles_p95": 0.03416211247241312,
    "results_inter_token_latency_s_quantiles_p99": 0.38358223773999733,
    "results_inter_token_latency_s_mean": 0.030117914945558974,
    "results_inter_token_latency_s_min": 0.010786060244731874,
    "results_inter_token_latency_s_max": 0.8921232935000489,
    "results_inter_token_latency_s_stddev": 0.07331550741073826,
    "results_ttft_s_quantiles_p25": 0.6947861964999902,
    "results_ttft_s_quantiles_p50": 1.2003035960000261,
    "results_ttft_s_quantiles_p75": 1.705509400999972,
    "results_ttft_s_quantiles_p90": 2.31133541800009,
    "results_ttft_s_quantiles_p95": 2.584150040700024,
    "results_ttft_s_quantiles_p99": 2.877527273699998,
    "results_ttft_s_mean": 1.3249289947696956,
    "results_ttft_s_min": 0.5626657239999986,
    "results_ttft_s_max": 3.0765370650001387,
    "results_ttft_s_stddev": 0.6395607153055688,
    "results_end_to_end_latency_s_quantiles_p25": 1.4160126565000155,
    "results_end_to_end_latency_s_quantiles_p50": 2.4772615440001573,
    "results_end_to_end_latency_s_quantiles_p75": 3.838952663999976,
    "results_end_to_end_latency_s_quantiles_p90": 5.858407070200111,
    "results_end_to_end_latency_s_quantiles_p95": 7.749663395500015,
    "results_end_to_end_latency_s_quantiles_p99": 13.749233130399986,
    "results_end_to_end_latency_s_mean": 3.1125761553171705,
    "results_end_to_end_latency_s_min": 0.6126027249999879,
    "results_end_to_end_latency_s_max": 13.980574229000013,
    "results_end_to_end_latency_s_stddev": 2.474318711726374,
    "results_request_output_throughput_token_per_s_quantiles_p25": 27.97638450659126,
    "results_request_output_throughput_token_per_s_quantiles_p50": 59.193230932714904,
    "results_request_output_throughput_token_per_s_quantiles_p75": 65.85029900329565,
    "results_request_output_throughput_token_per_s_quantiles_p90": 69.00813127984286,
    "results_request_output_throughput_token_per_s_quantiles_p95": 70.29849271725185,
    "results_request_output_throughput_token_per_s_quantiles_p99": 71.38987851121723,
    "results_request_output_throughput_token_per_s_mean": 46.64806294281132,
    "results_request_output_throughput_token_per_s_min": 1.6812562497338597,
    "results_request_output_throughput_token_per_s_max": 71.63284339869276,
    "results_request_output_throughput_token_per_s_stddev": 19.796627516213167,
    "results_number_input_tokens_quantiles_p25": 98.0,
    "results_number_input_tokens_quantiles_p50": 99.0,
    "results_number_input_tokens_quantiles_p75": 101.0,
    "results_number_input_tokens_quantiles_p90": 102.0,
    "results_number_input_tokens_quantiles_p95": 103.0,
    "results_number_input_tokens_quantiles_p99": 104.0,
    "results_number_input_tokens_mean": 99.4949494949495,
    "results_number_input_tokens_min": 93,
    "results_number_input_tokens_max": 105,
    "results_number_input_tokens_stddev": 2.079267901826393,
    "results_number_output_tokens_quantiles_p25": 81.0,
    "results_number_output_tokens_quantiles_p50": 109.0,
    "results_number_output_tokens_quantiles_p75": 173.0,
    "results_number_output_tokens_quantiles_p90": 263.0,
    "results_number_output_tokens_quantiles_p95": 437.1999999999989,
    "results_number_output_tokens_quantiles_p99": 510.24,
    "results_number_output_tokens_mean": 144.92929292929293,
    "results_number_output_tokens_min": 2,
    "results_number_output_tokens_max": 529,
    "results_number_output_tokens_stddev": 105.8948042412304,
    "results_num_requests_started": 500,
    "results_error_rate": 0.01,
    "results_number_errors": 5,
    "results_error_code_frequency": "{400.0: 5}",
    "results_mean_output_throughput_token_per_s": 159.25018838421565,
    "results_num_completed_requests": 495,
    "results_num_completed_requests_per_min": 65.92877885435189,
    "timestamp": 1714634109
}