{
    "version": "2023-08-31",
    "name": "Cohere-command-r-plus_100_400_summary",
    "model": "Cohere-command-r-plus",
    "mean_input_tokens": 100,
    "stddev_input_tokens": 2,
    "mean_output_tokens": 400,
    "stddev_output_tokens": 2,
    "num_concurrent_requests": 10,
    "results_inter_token_latency_s_quantiles_p25": 0.03726877911543919,
    "results_inter_token_latency_s_quantiles_p50": 0.03856877941955901,
    "results_inter_token_latency_s_quantiles_p75": 0.04036928696257234,
    "results_inter_token_latency_s_quantiles_p90": 0.042786994064038075,
    "results_inter_token_latency_s_quantiles_p95": 0.04389234796064808,
    "results_inter_token_latency_s_quantiles_p99": 0.06576854804686158,
    "results_inter_token_latency_s_mean": 0.04633940621058147,
    "results_inter_token_latency_s_min": 0.031703600642590105,
    "results_inter_token_latency_s_max": 1.1353753544999563,
    "results_inter_token_latency_s_stddev": 0.08824015987965095,
    "results_ttft_s_quantiles_p25": 3.7211754422501144,
    "results_ttft_s_quantiles_p50": 3.938923383999736,
    "results_ttft_s_quantiles_p75": 4.15776567124999,
    "results_ttft_s_quantiles_p90": 4.3545829568998675,
    "results_ttft_s_quantiles_p95": 4.4528872947002816,
    "results_ttft_s_quantiles_p99": 4.963669609619855,
    "results_ttft_s_mean": 3.989115810106667,
    "results_ttft_s_min": 2.211533156999849,
    "results_ttft_s_max": 19.85886940799992,
    "results_ttft_s_stddev": 1.0325282964475508,
    "results_end_to_end_latency_s_quantiles_p25": 15.843844144999935,
    "results_end_to_end_latency_s_quantiles_p50": 16.953738244500073,
    "results_end_to_end_latency_s_quantiles_p75": 17.584873317749953,
    "results_end_to_end_latency_s_quantiles_p90": 18.70957737349995,
    "results_end_to_end_latency_s_quantiles_p95": 18.907890699550013,
    "results_end_to_end_latency_s_quantiles_p99": 19.365734799720425,
    "results_end_to_end_latency_s_mean": 16.043814827720006,
    "results_end_to_end_latency_s_min": 2.2116337539996493,
    "results_end_to_end_latency_s_max": 30.83332031100008,
    "results_end_to_end_latency_s_stddev": 3.3046313711933006,
    "results_request_output_throughput_token_per_s_quantiles_p25": 19.64077851003833,
    "results_request_output_throughput_token_per_s_quantiles_p50": 20.9224960244951,
    "results_request_output_throughput_token_per_s_quantiles_p75": 21.76309353332926,
    "results_request_output_throughput_token_per_s_quantiles_p90": 22.60786254976203,
    "results_request_output_throughput_token_per_s_quantiles_p95": 23.16818776245789,
    "results_request_output_throughput_token_per_s_quantiles_p99": 23.91954554397096,
    "results_request_output_throughput_token_per_s_mean": 20.606816838614403,
    "results_request_output_throughput_token_per_s_min": 1.3210766740016127,
    "results_request_output_throughput_token_per_s_max": 24.25345685454671,
    "results_request_output_throughput_token_per_s_stddev": 2.2956440204912516,
    "results_number_input_tokens_quantiles_p25": 98.0,
    "results_number_input_tokens_quantiles_p50": 99.0,
    "results_number_input_tokens_quantiles_p75": 101.0,
    "results_number_input_tokens_quantiles_p90": 102.0,
    "results_number_input_tokens_quantiles_p95": 103.0,
    "results_number_input_tokens_quantiles_p99": 104.0,
    "results_number_input_tokens_mean": 99.37666666666667,
    "results_number_input_tokens_min": 93,
    "results_number_input_tokens_max": 105,
    "results_number_input_tokens_stddev": 2.017015135228624,
    "results_number_output_tokens_quantiles_p25": 401.0,
    "results_number_output_tokens_quantiles_p50": 440.5,
    "results_number_output_tokens_quantiles_p75": 456.0,
    "results_number_output_tokens_quantiles_p90": 471.1,
    "results_number_output_tokens_quantiles_p95": 480.0,
    "results_number_output_tokens_quantiles_p99": 497.0,
    "results_number_output_tokens_mean": 409.92333333333335,
    "results_number_output_tokens_min": 2,
    "results_number_output_tokens_max": 526,
    "results_number_output_tokens_stddev": 86.71710891639715,
    "results_num_requests_started": 300,
    "results_error_rate": 0.0,
    "results_number_errors": 0,
    "results_error_code_frequency": "{}",
    "results_mean_output_throughput_token_per_s": 201.88236752041277,
    "results_num_completed_requests": 300,
    "results_num_completed_requests_per_min": 29.549286576899988,
    "timestamp": 1715328300
}