{
    "version": "2023-08-31",
    "name": "Mistral-large_5000_5000_summary",
    "model": "Mistral-large",
    "timestamp": 1717495245,
    "subscription_id": "75703df0-38f9-4e2e-8328-45f6fc810286",
    "resource_group": "rg-sonata-eastus",
    "workspaces": "llmperf-project-eastus",
    "mean_input_tokens": 5000,
    "stddev_input_tokens": 2,
    "mean_output_tokens": 5000,
    "stddev_output_tokens": 2,
    "num_concurrent_requests": 30,
    "results_inter_token_latency_s_quantiles_p25": 0.04486807193618532,
    "results_inter_token_latency_s_quantiles_p50": 0.04553204282683264,
    "results_inter_token_latency_s_quantiles_p75": 0.04632971074499184,
    "results_inter_token_latency_s_quantiles_p90": 0.048071699546127035,
    "results_inter_token_latency_s_quantiles_p95": 0.048252727059231525,
    "results_inter_token_latency_s_quantiles_p99": 0.0547379860415747,
    "results_inter_token_latency_s_mean": 0.04601348627682931,
    "results_inter_token_latency_s_min": 0.043509606349952885,
    "results_inter_token_latency_s_max": 0.060781239396777424,
    "results_inter_token_latency_s_stddev": 0.0021973148757824684,
    "results_ttft_s_quantiles_p25": 4.347834507250013,
    "results_ttft_s_quantiles_p50": 5.139448915499997,
    "results_ttft_s_quantiles_p75": 6.3579860007500315,
    "results_ttft_s_quantiles_p90": 8.657561857999987,
    "results_ttft_s_quantiles_p95": 9.848179261799952,
    "results_ttft_s_quantiles_p99": 10.511408145480049,
    "results_ttft_s_mean": 5.621709422666681,
    "results_ttft_s_min": 3.3180094819999795,
    "results_ttft_s_max": 11.806405020000057,
    "results_ttft_s_stddev": 1.8722904841466292,
    "results_end_to_end_latency_s_quantiles_p25": 227.62741532175,
    "results_end_to_end_latency_s_quantiles_p50": 231.19055066700002,
    "results_end_to_end_latency_s_quantiles_p75": 234.99771524674998,
    "results_end_to_end_latency_s_quantiles_p90": 241.88760046520005,
    "results_end_to_end_latency_s_quantiles_p95": 246.62880487620004,
    "results_end_to_end_latency_s_quantiles_p99": 247.24230483864991,
    "results_end_to_end_latency_s_mean": 200.71667646045563,
    "results_end_to_end_latency_s_min": 31.425510600000052,
    "results_end_to_end_latency_s_max": 247.29925337099985,
    "results_end_to_end_latency_s_stddev": 68.660714449598,
    "results_request_output_throughput_token_per_s_quantiles_p25": 19.40344144131866,
    "results_request_output_throughput_token_per_s_quantiles_p50": 19.717787539304748,
    "results_request_output_throughput_token_per_s_quantiles_p75": 19.995000251023967,
    "results_request_output_throughput_token_per_s_quantiles_p90": 20.20098174323536,
    "results_request_output_throughput_token_per_s_quantiles_p95": 20.335060639065603,
    "results_request_output_throughput_token_per_s_quantiles_p99": 21.137905418101326,
    "results_request_output_throughput_token_per_s_mean": 19.586623294480813,
    "results_request_output_throughput_token_per_s_min": 14.886600130769288,
    "results_request_output_throughput_token_per_s_max": 21.715954128276366,
    "results_request_output_throughput_token_per_s_stddev": 0.8531224262625665,
    "results_number_input_tokens_quantiles_p25": 4998.0,
    "results_number_input_tokens_quantiles_p50": 4999.0,
    "results_number_input_tokens_quantiles_p75": 5001.0,
    "results_number_input_tokens_quantiles_p90": 5003.0,
    "results_number_input_tokens_quantiles_p95": 5003.0,
    "results_number_input_tokens_quantiles_p99": 5003.22,
    "results_number_input_tokens_mean": 4999.577777777778,
    "results_number_input_tokens_min": 4995,
    "results_number_input_tokens_max": 5005,
    "results_number_input_tokens_stddev": 2.1039170412244292,
    "results_number_output_tokens_quantiles_p25": 5114.5,
    "results_number_output_tokens_quantiles_p50": 5124.0,
    "results_number_output_tokens_quantiles_p75": 5128.0,
    "results_number_output_tokens_quantiles_p90": 5131.0,
    "results_number_output_tokens_quantiles_p95": 5131.55,
    "results_number_output_tokens_quantiles_p99": 5135.75,
    "results_number_output_tokens_mean": 4386.288888888889,
    "results_number_output_tokens_min": 682,
    "results_number_output_tokens_max": 5158,
    "results_number_output_tokens_stddev": 1513.7319478651152,
    "results_num_requests_started": 90,
    "results_error_rate": 0.0,
    "results_number_errors": 0,
    "results_error_code_frequency": "{}",
    "results_mean_output_throughput_token_per_s": 539.4743321591998,
    "results_num_completed_requests": 90,
    "results_num_completed_requests_per_min": 7.3794637675475565
}