{
    "version": "2023-08-31",
    "name": "llama-3-8b-instruct_400_100_summary",
    "model": "llama-3-8b-instruct",
    "mean_input_tokens": 400,
    "stddev_input_tokens": 2,
    "mean_output_tokens": 100,
    "stddev_output_tokens": 2,
    "num_concurrent_requests": 10,
    "results_inter_token_latency_s_quantiles_p25": 0.01348581050808644,
    "results_inter_token_latency_s_quantiles_p50": 0.028804926684075048,
    "results_inter_token_latency_s_quantiles_p75": 0.03287007255589727,
    "results_inter_token_latency_s_quantiles_p90": 0.03574097269931637,
    "results_inter_token_latency_s_quantiles_p95": 0.03690814488257508,
    "results_inter_token_latency_s_quantiles_p99": 0.3443173588299612,
    "results_inter_token_latency_s_mean": 0.03378619824837159,
    "results_inter_token_latency_s_min": 0.01200103461240205,
    "results_inter_token_latency_s_max": 1.2920960194999793,
    "results_inter_token_latency_s_stddev": 0.09556999070271953,
    "results_ttft_s_quantiles_p25": 0.7148911160000466,
    "results_ttft_s_quantiles_p50": 1.2913663349999922,
    "results_ttft_s_quantiles_p75": 1.8873688944999572,
    "results_ttft_s_quantiles_p90": 2.385666349499991,
    "results_ttft_s_quantiles_p95": 2.7837508934999997,
    "results_ttft_s_quantiles_p99": 3.164450309290036,
    "results_ttft_s_mean": 1.4137796926740036,
    "results_ttft_s_min": 0.5689410259999477,
    "results_ttft_s_max": 3.4205484430000297,
    "results_ttft_s_stddev": 0.7084560032934564,
    "results_end_to_end_latency_s_quantiles_p25": 1.6050528909999286,
    "results_end_to_end_latency_s_quantiles_p50": 1.7795863970000028,
    "results_end_to_end_latency_s_quantiles_p75": 3.9011259140000476,
    "results_end_to_end_latency_s_quantiles_p90": 4.138485674000009,
    "results_end_to_end_latency_s_quantiles_p95": 4.258403810399926,
    "results_end_to_end_latency_s_quantiles_p99": 4.526394921619997,
    "results_end_to_end_latency_s_mean": 2.7377839133860054,
    "results_end_to_end_latency_s_min": 0.5690384229999381,
    "results_end_to_end_latency_s_max": 4.65354016699996,
    "results_end_to_end_latency_s_stddev": 1.1832247385468941,
    "results_request_output_throughput_token_per_s_quantiles_p25": 25.551999605486767,
    "results_request_output_throughput_token_per_s_quantiles_p50": 28.16846130326766,
    "results_request_output_throughput_token_per_s_quantiles_p75": 62.579655406103754,
    "results_request_output_throughput_token_per_s_quantiles_p90": 64.8191284174179,
    "results_request_output_throughput_token_per_s_quantiles_p95": 65.58909136772894,
    "results_request_output_throughput_token_per_s_quantiles_p99": 66.81664721269048,
    "results_request_output_throughput_token_per_s_mean": 43.573934528953636,
    "results_request_output_throughput_token_per_s_min": 1.1608550685854815,
    "results_request_output_throughput_token_per_s_max": 67.35878763099765,
    "results_request_output_throughput_token_per_s_stddev": 19.14391867466147,
    "results_number_input_tokens_quantiles_p25": 398.0,
    "results_number_input_tokens_quantiles_p50": 399.0,
    "results_number_input_tokens_quantiles_p75": 401.0,
    "results_number_input_tokens_quantiles_p90": 402.0,
    "results_number_input_tokens_quantiles_p95": 403.0,
    "results_number_input_tokens_quantiles_p99": 404.0,
    "results_number_input_tokens_mean": 399.476,
    "results_number_input_tokens_min": 394,
    "results_number_input_tokens_max": 405,
    "results_number_input_tokens_stddev": 1.9943366710550778,
    "results_number_output_tokens_quantiles_p25": 115.0,
    "results_number_output_tokens_quantiles_p50": 118.5,
    "results_number_output_tokens_quantiles_p75": 122.0,
    "results_number_output_tokens_quantiles_p90": 125.0,
    "results_number_output_tokens_quantiles_p95": 127.0,
    "results_number_output_tokens_quantiles_p99": 129.0,
    "results_number_output_tokens_mean": 116.744,
    "results_number_output_tokens_min": 2,
    "results_number_output_tokens_max": 132,
    "results_number_output_tokens_stddev": 15.478683512707835,
    "results_num_requests_started": 500,
    "results_error_rate": 0.0,
    "results_number_errors": 0,
    "results_error_code_frequency": "{}",
    "results_mean_output_throughput_token_per_s": 229.91208711459493,
    "results_num_completed_requests": 500,
    "results_num_completed_requests_per_min": 118.16217730140903,
    "timestamp": 1713950822
}