{
    "version": "2023-08-31",
    "name": "llama-3-70b-instruct_100_400_summary",
    "model": "llama-3-70b-instruct",
    "mean_input_tokens": 100,
    "stddev_input_tokens": 2,
    "mean_output_tokens": 400,
    "stddev_output_tokens": 2,
    "num_concurrent_requests": 64,
    "results_inter_token_latency_s_quantiles_p25": 0.06308060392650398,
    "results_inter_token_latency_s_quantiles_p50": 0.6657601135784467,
    "results_inter_token_latency_s_quantiles_p75": 1.0021601720000364,
    "results_inter_token_latency_s_quantiles_p90": 1.088116997310306,
    "results_inter_token_latency_s_quantiles_p95": 1.250767853038444,
    "results_inter_token_latency_s_quantiles_p99": 3.2148166953378103,
    "results_inter_token_latency_s_mean": 0.6232380317170448,
    "results_inter_token_latency_s_min": 0.04142836250921132,
    "results_inter_token_latency_s_max": 5.698561278689653,
    "results_inter_token_latency_s_stddev": 0.7801947954877623,
    "results_ttft_s_quantiles_p25": 3.154311201999917,
    "results_ttft_s_quantiles_p50": 29.955689401999734,
    "results_ttft_s_quantiles_p75": 50.391168105999895,
    "results_ttft_s_quantiles_p90": 81.40912126400008,
    "results_ttft_s_quantiles_p95": 95.31538107200004,
    "results_ttft_s_quantiles_p99": 156.94838004639993,
    "results_ttft_s_mean": 34.81746615264463,
    "results_ttft_s_min": 1.4993136079997385,
    "results_ttft_s_max": 165.2581334890001,
    "results_ttft_s_stddev": 37.79988885447354,
    "results_end_to_end_latency_s_quantiles_p25": 5.084522433999609,
    "results_end_to_end_latency_s_quantiles_p50": 29.960507997999684,
    "results_end_to_end_latency_s_quantiles_p75": 83.51814455199974,
    "results_end_to_end_latency_s_quantiles_p90": 292.1442025760002,
    "results_end_to_end_latency_s_quantiles_p95": 377.04408531100034,
    "results_end_to_end_latency_s_quantiles_p99": 408.0450356652,
    "results_end_to_end_latency_s_mean": 83.90096355741322,
    "results_end_to_end_latency_s_min": 1.5365654499996708,
    "results_end_to_end_latency_s_max": 435.055944317,
    "results_end_to_end_latency_s_stddev": 115.30178257398552,
    "results_request_output_throughput_token_per_s_quantiles_p25": 0.8534819692633865,
    "results_request_output_throughput_token_per_s_quantiles_p50": 1.2151570163624899,
    "results_request_output_throughput_token_per_s_quantiles_p75": 13.753454584937078,
    "results_request_output_throughput_token_per_s_quantiles_p90": 15.602164342223896,
    "results_request_output_throughput_token_per_s_quantiles_p95": 16.049318333254366,
    "results_request_output_throughput_token_per_s_quantiles_p99": 16.33413704156923,
    "results_request_output_throughput_token_per_s_mean": 7.099052736194061,
    "results_request_output_throughput_token_per_s_min": 0.14522707639392973,
    "results_request_output_throughput_token_per_s_max": 17.154306013553942,
    "results_request_output_throughput_token_per_s_stddev": 6.594393762315669,
    "results_number_input_tokens_quantiles_p25": 98.0,
    "results_number_input_tokens_quantiles_p50": 99.0,
    "results_number_input_tokens_quantiles_p75": 101.0,
    "results_number_input_tokens_quantiles_p90": 102.0,
    "results_number_input_tokens_quantiles_p95": 103.0,
    "results_number_input_tokens_quantiles_p99": 104.0,
    "results_number_input_tokens_mean": 99.2396694214876,
    "results_number_input_tokens_min": 94,
    "results_number_input_tokens_max": 105,
    "results_number_input_tokens_stddev": 2.1487391395437387,
    "results_number_output_tokens_quantiles_p25": 51.0,
    "results_number_output_tokens_quantiles_p50": 69.0,
    "results_number_output_tokens_quantiles_p75": 295.0,
    "results_number_output_tokens_quantiles_p90": 506.0,
    "results_number_output_tokens_quantiles_p95": 512.0,
    "results_number_output_tokens_quantiles_p99": 596.0,
    "results_number_output_tokens_mean": 180.30578512396696,
    "results_number_output_tokens_min": 18,
    "results_number_output_tokens_max": 601,
    "results_number_output_tokens_stddev": 186.42906796666693,
    "results_num_requests_started": 128,
    "results_error_rate": 0.0546875,
    "results_number_errors": 7,
    "results_error_code_frequency": "{-1.0: 7}",
    "results_mean_output_throughput_token_per_s": 24.96564249786949,
    "results_num_completed_requests": 121,
    "results_num_completed_requests_per_min": 8.30776754524144,
    "timestamp": 1714031370
}