{
    "version": "2023-08-31",
    "name": "Meta-Llama-3-8B-Instruct_400_100_summary",
    "model": "Meta-Llama-3-8B-Instruct",
    "mean_input_tokens": 400,
    "stddev_input_tokens": 2,
    "mean_output_tokens": 100,
    "stddev_output_tokens": 2,
    "num_concurrent_requests": 10,
    "results_inter_token_latency_s_quantiles_p25": 0.014303916950210872,
    "results_inter_token_latency_s_quantiles_p50": 0.02070588956452478,
    "results_inter_token_latency_s_quantiles_p75": 0.03758590280176193,
    "results_inter_token_latency_s_quantiles_p90": 0.04120736454386715,
    "results_inter_token_latency_s_quantiles_p95": 0.04307638274634262,
    "results_inter_token_latency_s_quantiles_p99": 0.04864236867267507,
    "results_inter_token_latency_s_mean": 0.029696166975237134,
    "results_inter_token_latency_s_min": 0.011882335084617177,
    "results_inter_token_latency_s_max": 0.9191315086666236,
    "results_inter_token_latency_s_stddev": 0.05278981827013571,
    "results_ttft_s_quantiles_p25": 0.8682843615001161,
    "results_ttft_s_quantiles_p50": 1.4590339844996834,
    "results_ttft_s_quantiles_p75": 2.574847262250046,
    "results_ttft_s_quantiles_p90": 3.1017995613001634,
    "results_ttft_s_quantiles_p95": 3.375133537000044,
    "results_ttft_s_quantiles_p99": 3.9219587396499334,
    "results_ttft_s_mean": 1.7713608454959968,
    "results_ttft_s_min": 0.61289085899989,
    "results_ttft_s_max": 4.163856561999864,
    "results_ttft_s_stddev": 0.9398221030161436,
    "results_end_to_end_latency_s_quantiles_p25": 1.7132297515000232,
    "results_end_to_end_latency_s_quantiles_p50": 2.2401278190000085,
    "results_end_to_end_latency_s_quantiles_p75": 4.495363167499988,
    "results_end_to_end_latency_s_quantiles_p90": 4.920925482999951,
    "results_end_to_end_latency_s_quantiles_p95": 5.130619253799863,
    "results_end_to_end_latency_s_quantiles_p99": 5.435395846140063,
    "results_end_to_end_latency_s_mean": 3.110165787139991,
    "results_end_to_end_latency_s_min": 0.6962393200001316,
    "results_end_to_end_latency_s_max": 5.8341015730002255,
    "results_end_to_end_latency_s_stddev": 1.4399537506639652,
    "results_request_output_throughput_token_per_s_quantiles_p25": 22.25987208204311,
    "results_request_output_throughput_token_per_s_quantiles_p50": 40.70058286055723,
    "results_request_output_throughput_token_per_s_quantiles_p75": 58.77928327382741,
    "results_request_output_throughput_token_per_s_quantiles_p90": 62.4544674220478,
    "results_request_output_throughput_token_per_s_quantiles_p95": 63.826098998849,
    "results_request_output_throughput_token_per_s_quantiles_p99": 65.72698221269785,
    "results_request_output_throughput_token_per_s_mean": 40.345986359649295,
    "results_request_output_throughput_token_per_s_min": 1.0879485554097321,
    "results_request_output_throughput_token_per_s_max": 66.58313398497654,
    "results_request_output_throughput_token_per_s_stddev": 18.5527850310674,
    "results_number_input_tokens_quantiles_p25": 398.0,
    "results_number_input_tokens_quantiles_p50": 399.0,
    "results_number_input_tokens_quantiles_p75": 401.0,
    "results_number_input_tokens_quantiles_p90": 402.0,
    "results_number_input_tokens_quantiles_p95": 403.0,
    "results_number_input_tokens_quantiles_p99": 404.01,
    "results_number_input_tokens_mean": 399.502,
    "results_number_input_tokens_min": 395,
    "results_number_input_tokens_max": 407,
    "results_number_input_tokens_stddev": 1.9630851756390075,
    "results_number_output_tokens_quantiles_p25": 116.0,
    "results_number_output_tokens_quantiles_p50": 119.0,
    "results_number_output_tokens_quantiles_p75": 123.0,
    "results_number_output_tokens_quantiles_p90": 125.0,
    "results_number_output_tokens_quantiles_p95": 127.0,
    "results_number_output_tokens_quantiles_p99": 130.01,
    "results_number_output_tokens_mean": 118.62,
    "results_number_output_tokens_min": 3,
    "results_number_output_tokens_max": 139,
    "results_number_output_tokens_stddev": 10.481953190382539,
    "results_num_requests_started": 500,
    "results_error_rate": 0.0,
    "results_number_errors": 0,
    "results_error_code_frequency": "{}",
    "results_mean_output_throughput_token_per_s": 219.39421596148787,
    "results_num_completed_requests": 500,
    "results_num_completed_requests_per_min": 110.97330094157202,
    "timestamp": 1713530578
}