{
    "version": "2023-08-31",
    "name": "Cohere-command-r-plus_100_400_summary",
    "model": "Cohere-command-r-plus",
    "mean_input_tokens": 100,
    "stddev_input_tokens": 2,
    "mean_output_tokens": 400,
    "stddev_output_tokens": 2,
    "num_concurrent_requests": 10,
    "results_inter_token_latency_s_quantiles_p25": 0.018908971656381057,
    "results_inter_token_latency_s_quantiles_p50": 0.019549884259400303,
    "results_inter_token_latency_s_quantiles_p75": 0.02040493705234675,
    "results_inter_token_latency_s_quantiles_p90": 0.022077553848876094,
    "results_inter_token_latency_s_quantiles_p95": 0.02394754075936926,
    "results_inter_token_latency_s_quantiles_p99": 0.05544444094901902,
    "results_inter_token_latency_s_mean": 0.02495122698191048,
    "results_inter_token_latency_s_min": 0.016654471378427058,
    "results_inter_token_latency_s_max": 0.5437548525000011,
    "results_inter_token_latency_s_stddev": 0.04897347208316712,
    "results_ttft_s_quantiles_p25": 1.7886906737499544,
    "results_ttft_s_quantiles_p50": 1.8809630549999383,
    "results_ttft_s_quantiles_p75": 1.9843637010000634,
    "results_ttft_s_quantiles_p90": 2.1584132205999937,
    "results_ttft_s_quantiles_p95": 2.360135345200052,
    "results_ttft_s_quantiles_p99": 2.658365901210028,
    "results_ttft_s_mean": 1.9000333940642535,
    "results_ttft_s_min": 0.8948850460000131,
    "results_ttft_s_max": 3.205441642999972,
    "results_ttft_s_stddev": 0.26826952649955527,
    "results_end_to_end_latency_s_quantiles_p25": 8.205948064500149,
    "results_end_to_end_latency_s_quantiles_p50": 8.610809355999947,
    "results_end_to_end_latency_s_quantiles_p75": 8.818639251000008,
    "results_end_to_end_latency_s_quantiles_p90": 9.415350397600037,
    "results_end_to_end_latency_s_quantiles_p95": 9.936438816400061,
    "results_end_to_end_latency_s_quantiles_p99": 10.88961775996007,
    "results_end_to_end_latency_s_mean": 8.11050464486546,
    "results_end_to_end_latency_s_min": 0.8949732450000738,
    "results_end_to_end_latency_s_max": 11.172273838000024,
    "results_end_to_end_latency_s_stddev": 1.7095190697919576,
    "results_request_output_throughput_token_per_s_quantiles_p25": 39.11363536283804,
    "results_request_output_throughput_token_per_s_quantiles_p50": 41.61937466478017,
    "results_request_output_throughput_token_per_s_quantiles_p75": 42.9405420597914,
    "results_request_output_throughput_token_per_s_quantiles_p90": 44.69446355228571,
    "results_request_output_throughput_token_per_s_quantiles_p95": 45.87456873128142,
    "results_request_output_throughput_token_per_s_quantiles_p99": 46.61491086934656,
    "results_request_output_throughput_token_per_s_mean": 40.41859963256036,
    "results_request_output_throughput_token_per_s_min": 2.7583789643461296,
    "results_request_output_throughput_token_per_s_max": 47.688470753375555,
    "results_request_output_throughput_token_per_s_stddev": 5.242729810155715,
    "results_number_input_tokens_quantiles_p25": 98.0,
    "results_number_input_tokens_quantiles_p50": 99.5,
    "results_number_input_tokens_quantiles_p75": 101.0,
    "results_number_input_tokens_quantiles_p90": 102.0,
    "results_number_input_tokens_quantiles_p95": 103.0,
    "results_number_input_tokens_quantiles_p99": 104.0,
    "results_number_input_tokens_mean": 99.66867469879519,
    "results_number_input_tokens_min": 94,
    "results_number_input_tokens_max": 105,
    "results_number_input_tokens_stddev": 1.9011440616273094,
    "results_number_output_tokens_quantiles_p25": 408.5,
    "results_number_output_tokens_quantiles_p50": 441.0,
    "results_number_output_tokens_quantiles_p75": 455.0,
    "results_number_output_tokens_quantiles_p90": 467.0,
    "results_number_output_tokens_quantiles_p95": 475.0,
    "results_number_output_tokens_quantiles_p99": 497.03,
    "results_number_output_tokens_mean": 408.47791164658634,
    "results_number_output_tokens_min": 2,
    "results_number_output_tokens_max": 510,
    "results_number_output_tokens_stddev": 89.9572473576712,
    "results_num_requests_started": 500,
    "results_error_rate": 0.004,
    "results_number_errors": 2,
    "results_error_code_frequency": "{500.0: 1, 400.0: 1}",
    "results_mean_output_throughput_token_per_s": 382.7007315296494,
    "results_num_completed_requests": 498,
    "results_num_completed_requests_per_min": 56.21367333968756,
    "timestamp": 1715318071
}