{
    "version": "2023-08-31",
    "name": "llama-3-8b-instruct_100_400_summary",
    "model": "llama-3-8b-instruct",
    "mean_input_tokens": 100,
    "stddev_input_tokens": 2,
    "mean_output_tokens": 400,
    "stddev_output_tokens": 2,
    "num_concurrent_requests": 10,
    "results_inter_token_latency_s_quantiles_p25": 0.01359111986599113,
    "results_inter_token_latency_s_quantiles_p50": 0.026650334384617887,
    "results_inter_token_latency_s_quantiles_p75": 0.03223372586458121,
    "results_inter_token_latency_s_quantiles_p90": 0.03513395348568181,
    "results_inter_token_latency_s_quantiles_p95": 0.03909826494857674,
    "results_inter_token_latency_s_quantiles_p99": 0.08375197094187009,
    "results_inter_token_latency_s_mean": 0.029251747713715578,
    "results_inter_token_latency_s_min": 0.01099548995659714,
    "results_inter_token_latency_s_max": 0.8617610994999723,
    "results_inter_token_latency_s_stddev": 0.06397576941784973,
    "results_ttft_s_quantiles_p25": 0.7393152109998482,
    "results_ttft_s_quantiles_p50": 1.3219875669997236,
    "results_ttft_s_quantiles_p75": 1.901901048000127,
    "results_ttft_s_quantiles_p90": 2.515583086600236,
    "results_ttft_s_quantiles_p95": 2.6918479711999677,
    "results_ttft_s_quantiles_p99": 3.36793755887993,
    "results_ttft_s_mean": 1.4175255191318488,
    "results_ttft_s_min": 0.566897698000048,
    "results_ttft_s_max": 4.190858768999988,
    "results_ttft_s_stddev": 0.7319879469341092,
    "results_end_to_end_latency_s_quantiles_p25": 1.4831214229998295,
    "results_end_to_end_latency_s_quantiles_p50": 2.6317530219998844,
    "results_end_to_end_latency_s_quantiles_p75": 4.2201149940001415,
    "results_end_to_end_latency_s_quantiles_p90": 6.6399309437999365,
    "results_end_to_end_latency_s_quantiles_p95": 10.94634814960018,
    "results_end_to_end_latency_s_quantiles_p99": 15.08696875583989,
    "results_end_to_end_latency_s_mean": 3.5291650385415942,
    "results_end_to_end_latency_s_min": 0.567004094999902,
    "results_end_to_end_latency_s_max": 16.972226784000213,
    "results_end_to_end_latency_s_stddev": 3.1218613209797375,
    "results_request_output_throughput_token_per_s_quantiles_p25": 27.032426562950597,
    "results_request_output_throughput_token_per_s_quantiles_p50": 29.622042555028166,
    "results_request_output_throughput_token_per_s_quantiles_p75": 64.29155017735836,
    "results_request_output_throughput_token_per_s_quantiles_p90": 67.25692575217425,
    "results_request_output_throughput_token_per_s_quantiles_p95": 69.1316374344038,
    "results_request_output_throughput_token_per_s_quantiles_p99": 71.00433432849975,
    "results_request_output_throughput_token_per_s_mean": 44.7639001024469,
    "results_request_output_throughput_token_per_s_min": 1.7405139708515722,
    "results_request_output_throughput_token_per_s_max": 72.04069548350991,
    "results_request_output_throughput_token_per_s_stddev": 19.451907177735396,
    "results_number_input_tokens_quantiles_p25": 98.0,
    "results_number_input_tokens_quantiles_p50": 99.0,
    "results_number_input_tokens_quantiles_p75": 101.0,
    "results_number_input_tokens_quantiles_p90": 102.0,
    "results_number_input_tokens_quantiles_p95": 103.0,
    "results_number_input_tokens_quantiles_p99": 104.0,
    "results_number_input_tokens_mean": 99.53549695740365,
    "results_number_input_tokens_min": 93,
    "results_number_input_tokens_max": 105,
    "results_number_input_tokens_stddev": 1.9654685632853746,
    "results_number_output_tokens_quantiles_p25": 82.0,
    "results_number_output_tokens_quantiles_p50": 109.0,
    "results_number_output_tokens_quantiles_p75": 176.0,
    "results_number_output_tokens_quantiles_p90": 305.40000000000003,
    "results_number_output_tokens_quantiles_p95": 470.4,
    "results_number_output_tokens_quantiles_p99": 511.08,
    "results_number_output_tokens_mean": 152.21703853955376,
    "results_number_output_tokens_min": 2,
    "results_number_output_tokens_max": 517,
    "results_number_output_tokens_stddev": 113.91053200909053,
    "results_num_requests_started": 500,
    "results_error_rate": 0.014,
    "results_number_errors": 7,
    "results_error_code_frequency": "{400.0: 5, 500.0: 2}",
    "results_mean_output_throughput_token_per_s": 146.53478577479078,
    "results_num_completed_requests": 493,
    "results_num_completed_requests_per_min": 57.76020365947937,
    "timestamp": 1713953435
}