{
    "version": "2023-08-31",
    "name": "llama-3-70b-instruct_100_400_summary",
    "model": "llama-3-70b-instruct",
    "mean_input_tokens": 100,
    "stddev_input_tokens": 2,
    "mean_output_tokens": 400,
    "stddev_output_tokens": 2,
    "num_concurrent_requests": 256,
    "results_inter_token_latency_s_quantiles_p25": 0.07198198922793984,
    "results_inter_token_latency_s_quantiles_p50": 0.09018413249474083,
    "results_inter_token_latency_s_quantiles_p75": 1.2946774839089545,
    "results_inter_token_latency_s_quantiles_p90": 1.8536770346999993,
    "results_inter_token_latency_s_quantiles_p95": 2.325437255176308,
    "results_inter_token_latency_s_quantiles_p99": 3.853385740396471,
    "results_inter_token_latency_s_mean": 1.0054601508752956,
    "results_inter_token_latency_s_min": 0.04919222701204907,
    "results_inter_token_latency_s_max": 74.8017368125,
    "results_inter_token_latency_s_stddev": 4.349786357516313,
    "results_ttft_s_quantiles_p25": 3.548547749249977,
    "results_ttft_s_quantiles_p50": 6.129778032499985,
    "results_ttft_s_quantiles_p75": 76.64173984450004,
    "results_ttft_s_quantiles_p90": 124.35289521649997,
    "results_ttft_s_quantiles_p95": 142.50075354925,
    "results_ttft_s_quantiles_p99": 165.6494329094499,
    "results_ttft_s_mean": 42.0583601634266,
    "results_ttft_s_min": 1.5189362369999913,
    "results_ttft_s_max": 170.54580681599998,
    "results_ttft_s_stddev": 49.8921520507709,
    "results_end_to_end_latency_s_quantiles_p25": 5.972244414249985,
    "results_end_to_end_latency_s_quantiles_p50": 30.17735623599995,
    "results_end_to_end_latency_s_quantiles_p75": 106.26185859350002,
    "results_end_to_end_latency_s_quantiles_p90": 279.8294409315,
    "results_end_to_end_latency_s_quantiles_p95": 436.675614597,
    "results_end_to_end_latency_s_quantiles_p99": 479.6853450018499,
    "results_end_to_end_latency_s_mean": 87.16812950645416,
    "results_end_to_end_latency_s_min": 1.539193986999976,
    "results_end_to_end_latency_s_max": 491.37735175299997,
    "results_end_to_end_latency_s_stddev": 126.8909943417297,
    "results_request_output_throughput_token_per_s_quantiles_p25": 0.6810954424737998,
    "results_request_output_throughput_token_per_s_quantiles_p50": 9.477111296488896,
    "results_request_output_throughput_token_per_s_quantiles_p75": 11.742978005807505,
    "results_request_output_throughput_token_per_s_quantiles_p90": 12.652622764509461,
    "results_request_output_throughput_token_per_s_quantiles_p95": 13.886570066096663,
    "results_request_output_throughput_token_per_s_quantiles_p99": 15.360435400899398,
    "results_request_output_throughput_token_per_s_mean": 6.765091265416099,
    "results_request_output_throughput_token_per_s_min": 0.020052996350191164,
    "results_request_output_throughput_token_per_s_max": 17.227284069728142,
    "results_request_output_throughput_token_per_s_stddev": 5.526736099614711,
    "results_number_input_tokens_quantiles_p25": 98.0,
    "results_number_input_tokens_quantiles_p50": 100.0,
    "results_number_input_tokens_quantiles_p75": 101.0,
    "results_number_input_tokens_quantiles_p90": 102.0,
    "results_number_input_tokens_quantiles_p95": 103.0,
    "results_number_input_tokens_quantiles_p99": 105.0,
    "results_number_input_tokens_mean": 99.56192660550458,
    "results_number_input_tokens_min": 93,
    "results_number_input_tokens_max": 105,
    "results_number_input_tokens_stddev": 2.1556277490100264,
    "results_number_output_tokens_quantiles_p25": 52.0,
    "results_number_output_tokens_quantiles_p50": 82.0,
    "results_number_output_tokens_quantiles_p75": 278.25,
    "results_number_output_tokens_quantiles_p90": 501.5,
    "results_number_output_tokens_quantiles_p95": 506.0,
    "results_number_output_tokens_quantiles_p99": 516.5999999999999,
    "results_number_output_tokens_mean": 183.57798165137615,
    "results_number_output_tokens_min": 2,
    "results_number_output_tokens_max": 610,
    "results_number_output_tokens_stddev": 177.02524236282815,
    "results_num_requests_started": 512,
    "results_error_rate": 0.1484375,
    "results_number_errors": 76,
    "results_error_code_frequency": "{-1.0: 74, 400.0: 2}",
    "results_mean_output_throughput_token_per_s": 76.51863297362569,
    "results_num_completed_requests": 436,
    "results_num_completed_requests_per_min": 25.00908843815652,
    "timestamp": 1714028959
}