{
    "version": "2023-08-31",
    "name": "llama-3-8b-instruct_100_400_summary",
    "model": "llama-3-8b-instruct",
    "mean_input_tokens": 100,
    "stddev_input_tokens": 2,
    "mean_output_tokens": 400,
    "stddev_output_tokens": 2,
    "num_concurrent_requests": 128,
    "results_inter_token_latency_s_quantiles_p25": 0.01438856995300739,
    "results_inter_token_latency_s_quantiles_p50": 0.03075082360426404,
    "results_inter_token_latency_s_quantiles_p75": 0.04107897553059065,
    "results_inter_token_latency_s_quantiles_p90": 0.044817546794634386,
    "results_inter_token_latency_s_quantiles_p95": 0.04675683294851109,
    "results_inter_token_latency_s_quantiles_p99": 0.7663509159598925,
    "results_inter_token_latency_s_mean": 0.04062512236998069,
    "results_inter_token_latency_s_min": 0.011218597234033977,
    "results_inter_token_latency_s_max": 1.2652315404998262,
    "results_inter_token_latency_s_stddev": 0.1082990278847528,
    "results_ttft_s_quantiles_p25": 0.8266433759999927,
    "results_ttft_s_quantiles_p50": 1.4836359189994255,
    "results_ttft_s_quantiles_p75": 2.1070363179997003,
    "results_ttft_s_quantiles_p90": 2.8765462868001124,
    "results_ttft_s_quantiles_p95": 3.249980411000251,
    "results_ttft_s_quantiles_p99": 3.7278275963198393,
    "results_ttft_s_mean": 1.60479097080392,
    "results_ttft_s_min": 0.4249711769998612,
    "results_ttft_s_max": 3.9314783089994307,
    "results_ttft_s_stddev": 0.8605466082075475,
    "results_end_to_end_latency_s_quantiles_p25": 1.5486190390001866,
    "results_end_to_end_latency_s_quantiles_p50": 2.935351680999702,
    "results_end_to_end_latency_s_quantiles_p75": 4.894396990999667,
    "results_end_to_end_latency_s_quantiles_p90": 7.724352338800059,
    "results_end_to_end_latency_s_quantiles_p95": 11.155904366600032,
    "results_end_to_end_latency_s_quantiles_p99": 17.324079100399565,
    "results_end_to_end_latency_s_mean": 3.8883509063069015,
    "results_end_to_end_latency_s_min": 0.6324219789994459,
    "results_end_to_end_latency_s_max": 18.503506316999847,
    "results_end_to_end_latency_s_stddev": 3.377799623032059,
    "results_request_output_throughput_token_per_s_quantiles_p25": 21.302769947844958,
    "results_request_output_throughput_token_per_s_quantiles_p50": 27.25925162100354,
    "results_request_output_throughput_token_per_s_quantiles_p75": 60.65139465697006,
    "results_request_output_throughput_token_per_s_quantiles_p90": 63.22906918725125,
    "results_request_output_throughput_token_per_s_quantiles_p95": 64.47164812427144,
    "results_request_output_throughput_token_per_s_quantiles_p99": 66.73051529251309,
    "results_request_output_throughput_token_per_s_mean": 39.963117675922845,
    "results_request_output_throughput_token_per_s_min": 1.185504655331151,
    "results_request_output_throughput_token_per_s_max": 70.1421849841874,
    "results_request_output_throughput_token_per_s_stddev": 19.89175923755895,
    "results_number_input_tokens_quantiles_p25": 98.0,
    "results_number_input_tokens_quantiles_p50": 99.0,
    "results_number_input_tokens_quantiles_p75": 101.0,
    "results_number_input_tokens_quantiles_p90": 102.0,
    "results_number_input_tokens_quantiles_p95": 103.0,
    "results_number_input_tokens_quantiles_p99": 104.0,
    "results_number_input_tokens_mean": 99.37029702970297,
    "results_number_input_tokens_min": 92,
    "results_number_input_tokens_max": 105,
    "results_number_input_tokens_stddev": 2.0863095196059263,
    "results_number_output_tokens_quantiles_p25": 81.0,
    "results_number_output_tokens_quantiles_p50": 102.0,
    "results_number_output_tokens_quantiles_p75": 163.0,
    "results_number_output_tokens_quantiles_p90": 285.6,
    "results_number_output_tokens_quantiles_p95": 492.79999999999995,
    "results_number_output_tokens_quantiles_p99": 509.96,
    "results_number_output_tokens_mean": 146.3960396039604,
    "results_number_output_tokens_min": 2,
    "results_number_output_tokens_max": 537,
    "results_number_output_tokens_stddev": 114.99196652478176,
    "results_num_requests_started": 512,
    "results_error_rate": 0.013671875,
    "results_number_errors": 7,
    "results_error_code_frequency": "{400.0: 7}",
    "results_mean_output_throughput_token_per_s": 519.5996466735648,
    "results_num_completed_requests": 505,
    "results_num_completed_requests_per_min": 212.95643573933472,
    "timestamp": 1713956379
}