{
    "version": "2023-08-31",
    "name": "meta-llama-Meta-Llama-3-70B-Instruct_100_400_summary",
    "model": "meta-llama/Meta-Llama-3-70B-Instruct",
    "mean_input_tokens": 100,
    "stddev_input_tokens": 2,
    "mean_output_tokens": 400,
    "stddev_output_tokens": 2,
    "num_concurrent_requests": 8,
    "results_inter_token_latency_s_quantiles_p25": 0.05009754988058511,
    "results_inter_token_latency_s_quantiles_p50": 0.053660523698418186,
    "results_inter_token_latency_s_quantiles_p75": 0.6720762142134461,
    "results_inter_token_latency_s_quantiles_p90": 0.7333417989602052,
    "results_inter_token_latency_s_quantiles_p95": 1.050842370866058,
    "results_inter_token_latency_s_quantiles_p99": 1.2072799511616386,
    "results_inter_token_latency_s_mean": 0.2806728634778338,
    "results_inter_token_latency_s_min": 0.04394923109073375,
    "results_inter_token_latency_s_max": 1.237758575421052,
    "results_inter_token_latency_s_stddev": 0.38399498451257397,
    "results_ttft_s_quantiles_p25": 2.276862418500002,
    "results_ttft_s_quantiles_p50": 2.3432133545000013,
    "results_ttft_s_quantiles_p75": 26.951552471999975,
    "results_ttft_s_quantiles_p90": 30.478571722499996,
    "results_ttft_s_quantiles_p95": 51.97529481134994,
    "results_ttft_s_quantiles_p99": 55.75066501523,
    "results_ttft_s_mean": 12.239923623458319,
    "results_ttft_s_min": 1.4969815029999154,
    "results_ttft_s_max": 55.754777668,
    "results_ttft_s_stddev": 17.32159683708748,
    "results_end_to_end_latency_s_quantiles_p25": 4.03911898949994,
    "results_end_to_end_latency_s_quantiles_p50": 16.191752180499996,
    "results_end_to_end_latency_s_quantiles_p75": 35.818350572499995,
    "results_end_to_end_latency_s_quantiles_p90": 75.327684074,
    "results_end_to_end_latency_s_quantiles_p95": 184.04428367639971,
    "results_end_to_end_latency_s_quantiles_p99": 319.92462876732,
    "results_end_to_end_latency_s_mean": 42.88987083720833,
    "results_end_to_end_latency_s_min": 1.501836744000002,
    "results_end_to_end_latency_s_max": 354.88936486200004,
    "results_end_to_end_latency_s_stddev": 79.41516594383279,
    "results_request_output_throughput_token_per_s_quantiles_p25": 1.2861622403249948,
    "results_request_output_throughput_token_per_s_quantiles_p50": 15.828424812200543,
    "results_request_output_throughput_token_per_s_quantiles_p75": 16.96637099576712,
    "results_request_output_throughput_token_per_s_quantiles_p90": 17.41366760384738,
    "results_request_output_throughput_token_per_s_quantiles_p95": 17.584072683517544,
    "results_request_output_throughput_token_per_s_quantiles_p99": 17.643712006474054,
    "results_request_output_throughput_token_per_s_mean": 11.97201970943924,
    "results_request_output_throughput_token_per_s_min": 0.6944719898452323,
    "results_request_output_throughput_token_per_s_max": 17.65396321026831,
    "results_request_output_throughput_token_per_s_stddev": 7.195531790495794,
    "results_number_input_tokens_quantiles_p25": 98.0,
    "results_number_input_tokens_quantiles_p50": 100.0,
    "results_number_input_tokens_quantiles_p75": 101.25,
    "results_number_input_tokens_quantiles_p90": 102.0,
    "results_number_input_tokens_quantiles_p95": 102.85,
    "results_number_input_tokens_quantiles_p99": 103.77,
    "results_number_input_tokens_mean": 99.625,
    "results_number_input_tokens_min": 94,
    "results_number_input_tokens_max": 104,
    "results_number_input_tokens_stddev": 2.5844434267530323,
    "results_number_output_tokens_quantiles_p25": 58.75,
    "results_number_output_tokens_quantiles_p50": 82.5,
    "results_number_output_tokens_quantiles_p75": 306.5,
    "results_number_output_tokens_quantiles_p90": 502.5,
    "results_number_output_tokens_quantiles_p95": 507.4,
    "results_number_output_tokens_quantiles_p99": 515.7,
    "results_number_output_tokens_mean": 196.58333333333334,
    "results_number_output_tokens_min": 26,
    "results_number_output_tokens_max": 518,
    "results_number_output_tokens_stddev": 183.87091801792263,
    "results_num_requests_started": 24,
    "results_error_rate": 0.0,
    "results_number_errors": 0,
    "results_error_code_frequency": "{}",
    "results_mean_output_throughput_token_per_s": 7.389307560186094,
    "results_num_completed_requests": 24,
    "results_num_completed_requests_per_min": 2.2553206627104654,
    "timestamp": 1714034090
}