{
    "version": "2023-08-31",
    "name": "Llama-2-70b-chat_100_400_summary",
    "model": "Llama-2-70b-chat",
    "mean_input_tokens": 100,
    "stddev_input_tokens": 2,
    "mean_output_tokens": 400,
    "stddev_output_tokens": 2,
    "num_concurrent_requests": 10,
    "results_inter_token_latency_s_quantiles_p25": 0.055650593000002135,
    "results_inter_token_latency_s_quantiles_p50": 0.05646097490636607,
    "results_inter_token_latency_s_quantiles_p75": 0.05736706143158077,
    "results_inter_token_latency_s_quantiles_p90": 0.0584344256744382,
    "results_inter_token_latency_s_quantiles_p95": 0.05970207291019338,
    "results_inter_token_latency_s_quantiles_p99": 0.07080601664233635,
    "results_inter_token_latency_s_mean": 0.0621877559658433,
    "results_inter_token_latency_s_min": 0.055149183863971066,
    "results_inter_token_latency_s_max": 1.6507615630000032,
    "results_inter_token_latency_s_stddev": 0.09129804735417535,
    "results_ttft_s_quantiles_p25": 2.5372006380000016,
    "results_ttft_s_quantiles_p50": 3.0879386909999766,
    "results_ttft_s_quantiles_p75": 3.3654213380000044,
    "results_ttft_s_quantiles_p90": 3.557799429999989,
    "results_ttft_s_quantiles_p95": 3.7317588101999943,
    "results_ttft_s_quantiles_p99": 4.206957210400053,
    "results_ttft_s_mean": 2.9997605121245874,
    "results_ttft_s_min": 2.130121903000031,
    "results_ttft_s_max": 4.860994536000021,
    "results_ttft_s_stddev": 0.48868921427984013,
    "results_end_to_end_latency_s_quantiles_p25": 6.876796018999926,
    "results_end_to_end_latency_s_quantiles_p50": 13.205003225999974,
    "results_end_to_end_latency_s_quantiles_p75": 15.174407195000015,
    "results_end_to_end_latency_s_quantiles_p90": 17.498173327400004,
    "results_end_to_end_latency_s_quantiles_p95": 20.422550377999965,
    "results_end_to_end_latency_s_quantiles_p99": 22.433929879079944,
    "results_end_to_end_latency_s_mean": 11.99432471123934,
    "results_end_to_end_latency_s_min": 3.3016052240000135,
    "results_end_to_end_latency_s_max": 22.636867936000044,
    "results_end_to_end_latency_s_stddev": 4.9792172508825,
    "results_request_output_throughput_token_per_s_quantiles_p25": 17.51374956353664,
    "results_request_output_throughput_token_per_s_quantiles_p50": 17.821338629449176,
    "results_request_output_throughput_token_per_s_quantiles_p75": 18.041278620122352,
    "results_request_output_throughput_token_per_s_quantiles_p90": 18.077742899620223,
    "results_request_output_throughput_token_per_s_quantiles_p95": 18.090666671227197,
    "results_request_output_throughput_token_per_s_quantiles_p99": 18.102842161347027,
    "results_request_output_throughput_token_per_s_mean": 17.622249858308304,
    "results_request_output_throughput_token_per_s_min": 0.9086489136231108,
    "results_request_output_throughput_token_per_s_max": 18.1100512334737,
    "results_request_output_throughput_token_per_s_stddev": 1.1468750947794515,
    "results_number_input_tokens_quantiles_p25": 98.0,
    "results_number_input_tokens_quantiles_p50": 100.0,
    "results_number_input_tokens_quantiles_p75": 101.0,
    "results_number_input_tokens_quantiles_p90": 102.0,
    "results_number_input_tokens_quantiles_p95": 103.0,
    "results_number_input_tokens_quantiles_p99": 104.0,
    "results_number_input_tokens_mean": 99.52131147540983,
    "results_number_input_tokens_min": 94,
    "results_number_input_tokens_max": 105,
    "results_number_input_tokens_stddev": 2.013205969188067,
    "results_number_output_tokens_quantiles_p25": 119.0,
    "results_number_output_tokens_quantiles_p50": 237.0,
    "results_number_output_tokens_quantiles_p75": 267.0,
    "results_number_output_tokens_quantiles_p90": 302.6,
    "results_number_output_tokens_quantiles_p95": 359.00000000000006,
    "results_number_output_tokens_quantiles_p99": 401.0,
    "results_number_output_tokens_mean": 211.06229508196722,
    "results_number_output_tokens_min": 2,
    "results_number_output_tokens_max": 403,
    "results_number_output_tokens_stddev": 88.94757134774758,
    "results_num_requests_started": 310,
    "results_error_rate": 0.016129032258064516,
    "results_number_errors": 5,
    "results_error_code_frequency": "{400.0: 5}",
    "results_mean_output_throughput_token_per_s": 105.74984883890623,
    "results_num_completed_requests": 305,
    "results_num_completed_requests_per_min": 30.062171587162272,
    "timestamp": 1713863008
}