{
    "version": "2023-08-31",
    "name": "groq-llama3-70b-8192_200_800_summary",
    "model": "groq/llama3-70b-8192",
    "timestamp": 1718368352,
    "subscription_id": "75703df0-38f9-4e2e-8328-45f6fc810286",
    "resource_group": "rg-sonata-sweden",
    "workspaces": "llmperf-project-sweden",
    "region": "swedencentral",
    "source_mean_input_tokens": 200,
    "source_stddev_input_tokens": 150,
    "source_mean_output_tokens": 800,
    "source_stddev_output_tokens": 10,
    "source_num_concurrent_requests": 1,
    "source_max_num_completed_requests": 25,
    "results_inter_token_latency_s_quantiles_p25": 0.0060374982042397255,
    "results_inter_token_latency_s_quantiles_p50": 0.007343349088783256,
    "results_inter_token_latency_s_quantiles_p75": 0.011390843814701334,
    "results_inter_token_latency_s_quantiles_p90": 0.021409825727238898,
    "results_inter_token_latency_s_quantiles_p95": 0.02351780130504779,
    "results_inter_token_latency_s_quantiles_p99": 0.02608565371461596,
    "results_inter_token_latency_s_mean": 0.009942195850744587,
    "results_inter_token_latency_s_min": 0.0025437748486466308,
    "results_inter_token_latency_s_max": 0.0267427352692511,
    "results_inter_token_latency_s_stddev": 0.006716829791301849,
    "results_ttft_s_quantiles_p25": 0.4066005980002956,
    "results_ttft_s_quantiles_p50": 0.5268752339998173,
    "results_ttft_s_quantiles_p75": 0.601621043000705,
    "results_ttft_s_quantiles_p90": 0.7323767176003457,
    "results_ttft_s_quantiles_p95": 0.7606537939991539,
    "results_ttft_s_quantiles_p99": 0.8338384964400755,
    "results_ttft_s_mean": 0.5276502079200145,
    "results_ttft_s_min": 0.31504179700095847,
    "results_ttft_s_max": 0.8554234290004388,
    "results_ttft_s_stddev": 0.14305282414234563,
    "results_end_to_end_latency_s_quantiles_p25": 0.5856519760000083,
    "results_end_to_end_latency_s_quantiles_p50": 0.7646342820007703,
    "results_end_to_end_latency_s_quantiles_p75": 1.0330911820001347,
    "results_end_to_end_latency_s_quantiles_p90": 1.5810838180008435,
    "results_end_to_end_latency_s_quantiles_p95": 1.8647374484000458,
    "results_end_to_end_latency_s_quantiles_p99": 2.5444559700001976,
    "results_end_to_end_latency_s_mean": 0.9562130460799381,
    "results_end_to_end_latency_s_min": 0.4796922179993999,
    "results_end_to_end_latency_s_max": 2.743774098000358,
    "results_end_to_end_latency_s_stddev": 0.5308364750334097,
    "results_request_output_throughput_token_per_s_quantiles_p25": 71.17255289063318,
    "results_request_output_throughput_token_per_s_quantiles_p50": 112.5668679624395,
    "results_request_output_throughput_token_per_s_quantiles_p75": 138.49722139522342,
    "results_request_output_throughput_token_per_s_quantiles_p90": 194.80652010900218,
    "results_request_output_throughput_token_per_s_quantiles_p95": 259.28589328191663,
    "results_request_output_throughput_token_per_s_quantiles_p99": 277.26522681535533,
    "results_request_output_throughput_token_per_s_mean": 117.71176400566335,
    "results_request_output_throughput_token_per_s_min": 29.332077975615572,
    "results_request_output_throughput_token_per_s_max": 278.8130409706565,
    "results_request_output_throughput_token_per_s_stddev": 66.79155396297288,
    "results_number_input_tokens_quantiles_p25": 165.0,
    "results_number_input_tokens_quantiles_p50": 237.0,
    "results_number_input_tokens_quantiles_p75": 327.0,
    "results_number_input_tokens_quantiles_p90": 377.2,
    "results_number_input_tokens_quantiles_p95": 413.1999999999999,
    "results_number_input_tokens_quantiles_p99": 512.4399999999997,
    "results_number_input_tokens_mean": 256.12,
    "results_number_input_tokens_min": 96,
    "results_number_input_tokens_max": 541,
    "results_number_input_tokens_stddev": 109.2826305198284,
    "results_number_output_tokens_quantiles_p25": 74.0,
    "results_number_output_tokens_quantiles_p50": 86.0,
    "results_number_output_tokens_quantiles_p75": 158.0,
    "results_number_output_tokens_quantiles_p90": 417.60000000000025,
    "results_number_output_tokens_quantiles_p95": 504.79999999999995,
    "results_number_output_tokens_quantiles_p99": 940.9199999999989,
    "results_number_output_tokens_mean": 172.52,
    "results_number_output_tokens_min": 24,
    "results_number_output_tokens_max": 1077,
    "results_number_output_tokens_stddev": 227.95104006489345,
    "results_num_requests_started": 25,
    "results_error_rate": 0.0,
    "results_number_errors": 0,
    "results_error_code_frequency": "{}",
    "results_mean_output_throughput_token_per_s": 133.34935378597785,
    "results_num_completed_requests": 25,
    "results_num_completed_requests_per_min": 46.377006881281424
}