{
    "version": "2023-08-31",
    "name": "Llama-3-70b-chat_100_400_summary",
    "model": "Llama-3-70b-chat",
    "mean_input_tokens": 100,
    "stddev_input_tokens": 2,
    "mean_output_tokens": 400,
    "stddev_output_tokens": 2,
    "num_concurrent_requests": 10,
    "results_inter_token_latency_s_quantiles_p25": 0.0492663464869184,
    "results_inter_token_latency_s_quantiles_p50": 0.6008469765087066,
    "results_inter_token_latency_s_quantiles_p75": 0.6606254551133779,
    "results_inter_token_latency_s_quantiles_p90": 0.6952898026031297,
    "results_inter_token_latency_s_quantiles_p95": 0.7083077909497154,
    "results_inter_token_latency_s_quantiles_p99": 0.7188412333226837,
    "results_inter_token_latency_s_mean": 0.3830142858605294,
    "results_inter_token_latency_s_min": 0.0407311657937114,
    "results_inter_token_latency_s_max": 0.7214745939159257,
    "results_inter_token_latency_s_stddev": 0.31116706099303604,
    "results_ttft_s_quantiles_p25": 3.518272097750014,
    "results_ttft_s_quantiles_p50": 43.7565464700001,
    "results_ttft_s_quantiles_p75": 50.20738099524965,
    "results_ttft_s_quantiles_p90": 65.16578490189958,
    "results_ttft_s_quantiles_p95": 65.71747293899989,
    "results_ttft_s_quantiles_p99": 66.30804905739951,
    "results_ttft_s_mean": 31.245307994349922,
    "results_ttft_s_min": 2.5214896509996834,
    "results_ttft_s_max": 66.45569308699942,
    "results_ttft_s_stddev": 26.766850749830265,
    "results_end_to_end_latency_s_quantiles_p25": 24.77807825699938,
    "results_end_to_end_latency_s_quantiles_p50": 321.96007420700016,
    "results_end_to_end_latency_s_quantiles_p75": 333.04796997175026,
    "results_end_to_end_latency_s_quantiles_p90": 334.82050790119956,
    "results_end_to_end_latency_s_quantiles_p95": 335.28311460660007,
    "results_end_to_end_latency_s_quantiles_p99": 335.28667713092034,
    "results_end_to_end_latency_s_mean": 192.09057954209987,
    "results_end_to_end_latency_s_min": 23.79606277699986,
    "results_end_to_end_latency_s_max": 335.28756776200044,
    "results_end_to_end_latency_s_stddev": 155.45460745049604,
    "results_request_output_throughput_token_per_s_quantiles_p25": 1.2049484533151813,
    "results_request_output_throughput_token_per_s_quantiles_p50": 1.2407330585679417,
    "results_request_output_throughput_token_per_s_quantiles_p75": 16.10301485728567,
    "results_request_output_throughput_token_per_s_quantiles_p90": 16.48869088665817,
    "results_request_output_throughput_token_per_s_quantiles_p95": 16.810132861381472,
    "results_request_output_throughput_token_per_s_quantiles_p99": 16.81969949688285,
    "results_request_output_throughput_token_per_s_mean": 7.966802239105922,
    "results_request_output_throughput_token_per_s_min": 1.1983133781117,
    "results_request_output_throughput_token_per_s_max": 16.822091155758194,
    "results_request_output_throughput_token_per_s_stddev": 7.658705302505904,
    "results_number_input_tokens_quantiles_p25": 97.75,
    "results_number_input_tokens_quantiles_p50": 99.0,
    "results_number_input_tokens_quantiles_p75": 101.25,
    "results_number_input_tokens_quantiles_p90": 102.1,
    "results_number_input_tokens_quantiles_p95": 103.0,
    "results_number_input_tokens_quantiles_p99": 103.0,
    "results_number_input_tokens_mean": 99.35,
    "results_number_input_tokens_min": 94,
    "results_number_input_tokens_max": 103,
    "results_number_input_tokens_stddev": 2.412140346794021,
    "results_number_output_tokens_quantiles_p25": 472.0,
    "results_number_output_tokens_quantiles_p50": 505.5,
    "results_number_output_tokens_quantiles_p75": 522.0,
    "results_number_output_tokens_quantiles_p90": 530.8000000000001,
    "results_number_output_tokens_quantiles_p95": 549.95,
    "results_number_output_tokens_quantiles_p99": 594.79,
    "results_number_output_tokens_mean": 503.15,
    "results_number_output_tokens_min": 454,
    "results_number_output_tokens_max": 606,
    "results_number_output_tokens_stddev": 36.195776142062705,
    "results_num_requests_started": 20,
    "results_error_rate": 0.0,
    "results_number_errors": 0,
    "results_error_code_frequency": "{}",
    "results_mean_output_throughput_token_per_s": 15.119584362510604,
    "results_num_completed_requests": 20,
    "results_num_completed_requests_per_min": 1.802991278447056,
    "timestamp": 1713857255
}