{
    "version": "2023-08-31",
    "name": "Mistral-large_100_400_summary",
    "model": "Mistral-large",
    "mean_input_tokens": 100,
    "stddev_input_tokens": 2,
    "mean_output_tokens": 400,
    "stddev_output_tokens": 2,
    "num_concurrent_requests": 10,
    "results_inter_token_latency_s_quantiles_p25": 0.022290529698275854,
    "results_inter_token_latency_s_quantiles_p50": 0.022801532376848604,
    "results_inter_token_latency_s_quantiles_p75": 0.02399737628856842,
    "results_inter_token_latency_s_quantiles_p90": 0.026261283246441454,
    "results_inter_token_latency_s_quantiles_p95": 0.028216122136748845,
    "results_inter_token_latency_s_quantiles_p99": 0.038592220943129675,
    "results_inter_token_latency_s_mean": 0.025236695591346805,
    "results_inter_token_latency_s_min": 0.021265253185446028,
    "results_inter_token_latency_s_max": 0.7726351179999824,
    "results_inter_token_latency_s_stddev": 0.03367828498617845,
    "results_ttft_s_quantiles_p25": 1.4448655710000082,
    "results_ttft_s_quantiles_p50": 1.5038516749999644,
    "results_ttft_s_quantiles_p75": 1.596478235999939,
    "results_ttft_s_quantiles_p90": 2.217980558800059,
    "results_ttft_s_quantiles_p95": 2.3789583199000104,
    "results_ttft_s_quantiles_p99": 3.1330277461999816,
    "results_ttft_s_mean": 1.6339920475611214,
    "results_ttft_s_min": 1.293707644000051,
    "results_ttft_s_max": 3.6180913320000627,
    "results_ttft_s_stddev": 0.36741396645283925,
    "results_end_to_end_latency_s_quantiles_p25": 6.874517819000005,
    "results_end_to_end_latency_s_quantiles_p50": 9.197453354999993,
    "results_end_to_end_latency_s_quantiles_p75": 9.377177035999978,
    "results_end_to_end_latency_s_quantiles_p90": 9.700476745600008,
    "results_end_to_end_latency_s_quantiles_p95": 9.95956802360006,
    "results_end_to_end_latency_s_quantiles_p99": 10.63868998604,
    "results_end_to_end_latency_s_mean": 7.934253976342682,
    "results_end_to_end_latency_s_min": 1.5453714349999927,
    "results_end_to_end_latency_s_max": 11.275986322999984,
    "results_end_to_end_latency_s_stddev": 2.3969473727447785,
    "results_request_output_throughput_token_per_s_quantiles_p25": 37.35689197215699,
    "results_request_output_throughput_token_per_s_quantiles_p50": 39.053375215187046,
    "results_request_output_throughput_token_per_s_quantiles_p75": 39.911253214664946,
    "results_request_output_throughput_token_per_s_quantiles_p90": 41.30544133572186,
    "results_request_output_throughput_token_per_s_quantiles_p95": 42.03243370995009,
    "results_request_output_throughput_token_per_s_quantiles_p99": 42.656372286129105,
    "results_request_output_throughput_token_per_s_mean": 38.08520136064517,
    "results_request_output_throughput_token_per_s_min": 1.9412808675346158,
    "results_request_output_throughput_token_per_s_max": 42.96161066281176,
    "results_request_output_throughput_token_per_s_stddev": 3.9733263721082057,
    "results_number_input_tokens_quantiles_p25": 98.0,
    "results_number_input_tokens_quantiles_p50": 100.0,
    "results_number_input_tokens_quantiles_p75": 101.0,
    "results_number_input_tokens_quantiles_p90": 102.0,
    "results_number_input_tokens_quantiles_p95": 103.0,
    "results_number_input_tokens_quantiles_p99": 105.0,
    "results_number_input_tokens_mean": 99.55310621242485,
    "results_number_input_tokens_min": 94,
    "results_number_input_tokens_max": 106,
    "results_number_input_tokens_stddev": 2.000673925296909,
    "results_number_output_tokens_quantiles_p25": 286.5,
    "results_number_output_tokens_quantiles_p50": 406.0,
    "results_number_output_tokens_quantiles_p75": 413.0,
    "results_number_output_tokens_quantiles_p90": 417.0,
    "results_number_output_tokens_quantiles_p95": 419.0,
    "results_number_output_tokens_quantiles_p99": 425.02,
    "results_number_output_tokens_mean": 339.52304609218436,
    "results_number_output_tokens_min": 2,
    "results_number_output_tokens_max": 432,
    "results_number_output_tokens_stddev": 113.8853831354468,
    "results_num_requests_started": 500,
    "results_error_rate": 0.002,
    "results_number_errors": 1,
    "results_error_code_frequency": "{500.0: 1}",
    "results_mean_output_throughput_token_per_s": 312.1045229626316,
    "results_num_completed_requests": 499,
    "results_num_completed_requests_per_min": 55.15463999658363,
    "timestamp": 1715326135
}