{
    "version": "2023-08-31",
    "name": "Mistral-small_100_400_summary",
    "model": "Mistral-small",
    "mean_input_tokens": 100,
    "stddev_input_tokens": 2,
    "mean_output_tokens": 400,
    "stddev_output_tokens": 2,
    "num_concurrent_requests": 10,
    "results_inter_token_latency_s_quantiles_p25": 0.01526087077545089,
    "results_inter_token_latency_s_quantiles_p50": 0.015631598064517853,
    "results_inter_token_latency_s_quantiles_p75": 0.016107723632024996,
    "results_inter_token_latency_s_quantiles_p90": 0.01657415051893435,
    "results_inter_token_latency_s_quantiles_p95": 0.01723448072858766,
    "results_inter_token_latency_s_quantiles_p99": 0.018761652211914344,
    "results_inter_token_latency_s_mean": 0.018546251910276416,
    "results_inter_token_latency_s_min": 0.013916399573730193,
    "results_inter_token_latency_s_max": 0.7111259114999484,
    "results_inter_token_latency_s_stddev": 0.043354008519248394,
    "results_ttft_s_quantiles_p25": 1.3457500219999474,
    "results_ttft_s_quantiles_p50": 1.3803366145000382,
    "results_ttft_s_quantiles_p75": 1.4173126987500382,
    "results_ttft_s_quantiles_p90": 1.4660890395000479,
    "results_ttft_s_quantiles_p95": 1.9256310925001685,
    "results_ttft_s_quantiles_p99": 2.0458931347999854,
    "results_ttft_s_mean": 1.4202549552500048,
    "results_ttft_s_min": 1.2644553000000087,
    "results_ttft_s_max": 2.1583731749999515,
    "results_ttft_s_stddev": 0.1622428403289351,
    "results_end_to_end_latency_s_quantiles_p25": 6.252173016249969,
    "results_end_to_end_latency_s_quantiles_p50": 6.406296102000056,
    "results_end_to_end_latency_s_quantiles_p75": 6.579227293499855,
    "results_end_to_end_latency_s_quantiles_p90": 6.7107172510000055,
    "results_end_to_end_latency_s_quantiles_p95": 6.772017670250136,
    "results_end_to_end_latency_s_quantiles_p99": 6.854831898850011,
    "results_end_to_end_latency_s_mean": 6.1889769423004015,
    "results_end_to_end_latency_s_min": 1.373585230999879,
    "results_end_to_end_latency_s_max": 6.8967169770000964,
    "results_end_to_end_latency_s_stddev": 0.7831957059394749,
    "results_request_output_throughput_token_per_s_quantiles_p25": 55.569538903702956,
    "results_request_output_throughput_token_per_s_quantiles_p50": 57.08240835623836,
    "results_request_output_throughput_token_per_s_quantiles_p75": 58.62144917858566,
    "results_request_output_throughput_token_per_s_quantiles_p90": 60.113422538776945,
    "results_request_output_throughput_token_per_s_quantiles_p95": 61.85636487214182,
    "results_request_output_throughput_token_per_s_quantiles_p99": 63.823629588625636,
    "results_request_output_throughput_token_per_s_mean": 56.79927528512282,
    "results_request_output_throughput_token_per_s_min": 2.1091845879237425,
    "results_request_output_throughput_token_per_s_max": 64.9016993827626,
    "results_request_output_throughput_token_per_s_stddev": 4.604231870005446,
    "results_number_input_tokens_quantiles_p25": 98.0,
    "results_number_input_tokens_quantiles_p50": 99.0,
    "results_number_input_tokens_quantiles_p75": 101.0,
    "results_number_input_tokens_quantiles_p90": 102.0,
    "results_number_input_tokens_quantiles_p95": 103.0,
    "results_number_input_tokens_quantiles_p99": 104.0,
    "results_number_input_tokens_mean": 99.375,
    "results_number_input_tokens_min": 94,
    "results_number_input_tokens_max": 105,
    "results_number_input_tokens_stddev": 2.0696215435033847,
    "results_number_output_tokens_quantiles_p25": 401.0,
    "results_number_output_tokens_quantiles_p50": 407.0,
    "results_number_output_tokens_quantiles_p75": 411.0,
    "results_number_output_tokens_quantiles_p90": 415.0,
    "results_number_output_tokens_quantiles_p95": 419.0,
    "results_number_output_tokens_quantiles_p99": 430.0,
    "results_number_output_tokens_mean": 387.19959677419354,
    "results_number_output_tokens_min": 2,
    "results_number_output_tokens_max": 438,
    "results_number_output_tokens_stddev": 57.744530370554315,
    "results_num_requests_started": 500,
    "results_error_rate": 0.008,
    "results_number_errors": 4,
    "results_error_code_frequency": "{400.0: 4}",
    "results_mean_output_throughput_token_per_s": 481.77918371162133,
    "results_num_completed_requests": 496,
    "results_num_completed_requests_per_min": 74.65594299044447,
    "timestamp": 1715326664
}