{
    "version": "2023-08-31",
    "name": "Mistral-large_400_100_summary",
    "model": "Mistral-large",
    "mean_input_tokens": 400,
    "stddev_input_tokens": 2,
    "mean_output_tokens": 100,
    "stddev_output_tokens": 2,
    "num_concurrent_requests": 10,
    "results_inter_token_latency_s_quantiles_p25": 0.0320826109781835,
    "results_inter_token_latency_s_quantiles_p50": 0.03282702046998565,
    "results_inter_token_latency_s_quantiles_p75": 0.033693143218849864,
    "results_inter_token_latency_s_quantiles_p90": 0.034842242153285574,
    "results_inter_token_latency_s_quantiles_p95": 0.03563939079311092,
    "results_inter_token_latency_s_quantiles_p99": 0.06302938562171459,
    "results_inter_token_latency_s_mean": 0.03911727907884329,
    "results_inter_token_latency_s_min": 0.030438946471152716,
    "results_inter_token_latency_s_max": 0.8095235265000156,
    "results_inter_token_latency_s_stddev": 0.06606835953576923,
    "results_ttft_s_quantiles_p25": 1.5696479575001376,
    "results_ttft_s_quantiles_p50": 1.6368783025000084,
    "results_ttft_s_quantiles_p75": 1.7405831624997745,
    "results_ttft_s_quantiles_p90": 1.8641349572002128,
    "results_ttft_s_quantiles_p95": 2.769755349099796,
    "results_ttft_s_quantiles_p99": 3.0398443365200043,
    "results_ttft_s_mean": 1.7281751772520038,
    "results_ttft_s_min": 0.9936274060000869,
    "results_ttft_s_max": 3.298079791999953,
    "results_ttft_s_stddev": 0.34278247743404866,
    "results_end_to_end_latency_s_quantiles_p25": 3.312435040749847,
    "results_end_to_end_latency_s_quantiles_p50": 3.3835144990002846,
    "results_end_to_end_latency_s_quantiles_p75": 3.4647834634998844,
    "results_end_to_end_latency_s_quantiles_p90": 3.562009754200017,
    "results_end_to_end_latency_s_quantiles_p95": 3.6433580789499955,
    "results_end_to_end_latency_s_quantiles_p99": 3.984175888859672,
    "results_end_to_end_latency_s_mean": 3.3939166060220014,
    "results_end_to_end_latency_s_min": 1.3480276119998962,
    "results_end_to_end_latency_s_max": 4.555434104000142,
    "results_end_to_end_latency_s_stddev": 0.2317516567660593,
    "results_request_output_throughput_token_per_s_quantiles_p25": 26.921904052313234,
    "results_request_output_throughput_token_per_s_quantiles_p50": 27.52928474638367,
    "results_request_output_throughput_token_per_s_quantiles_p75": 28.160089460922276,
    "results_request_output_throughput_token_per_s_quantiles_p90": 28.490180779083435,
    "results_request_output_throughput_token_per_s_quantiles_p95": 28.750679134942597,
    "results_request_output_throughput_token_per_s_quantiles_p99": 30.34940379367044,
    "results_request_output_throughput_token_per_s_mean": 27.192165900198095,
    "results_request_output_throughput_token_per_s_min": 1.852845467683461,
    "results_request_output_throughput_token_per_s_max": 30.53380944316819,
    "results_request_output_throughput_token_per_s_stddev": 2.7007758606496073,
    "results_number_input_tokens_quantiles_p25": 398.0,
    "results_number_input_tokens_quantiles_p50": 399.0,
    "results_number_input_tokens_quantiles_p75": 401.0,
    "results_number_input_tokens_quantiles_p90": 402.0,
    "results_number_input_tokens_quantiles_p95": 403.0,
    "results_number_input_tokens_quantiles_p99": 404.0,
    "results_number_input_tokens_mean": 399.562,
    "results_number_input_tokens_min": 394,
    "results_number_input_tokens_max": 406,
    "results_number_input_tokens_stddev": 2.0075398957095976,
    "results_number_output_tokens_quantiles_p25": 101.0,
    "results_number_output_tokens_quantiles_p50": 103.0,
    "results_number_output_tokens_quantiles_p75": 105.0,
    "results_number_output_tokens_quantiles_p90": 107.0,
    "results_number_output_tokens_quantiles_p95": 108.0,
    "results_number_output_tokens_quantiles_p99": 109.00999999999999,
    "results_number_output_tokens_mean": 101.944,
    "results_number_output_tokens_min": 2,
    "results_number_output_tokens_max": 113,
    "results_number_output_tokens_stddev": 10.135794624267536,
    "results_num_requests_started": 500,
    "results_error_rate": 0.0,
    "results_number_errors": 0,
    "results_error_code_frequency": "{}",
    "results_mean_output_throughput_token_per_s": 214.47605197183407,
    "results_num_completed_requests": 500,
    "results_num_completed_requests_per_min": 126.23168718423885,
    "timestamp": 1715320276
}