{
    "version": "2023-08-31",
    "name": "meta-llama-Meta-Llama-3-8B-Instruct_100_400_summary",
    "model": "meta-llama/Meta-Llama-3-8B-Instruct",
    "mean_input_tokens": 100,
    "stddev_input_tokens": 2,
    "mean_output_tokens": 400,
    "stddev_output_tokens": 2,
    "num_concurrent_requests": 10,
    "results_inter_token_latency_s_quantiles_p25": 0.014635783199753848,
    "results_inter_token_latency_s_quantiles_p50": 0.016833472712470727,
    "results_inter_token_latency_s_quantiles_p75": 0.018079058456803923,
    "results_inter_token_latency_s_quantiles_p90": 0.019520999614066527,
    "results_inter_token_latency_s_quantiles_p95": 0.02026445571563502,
    "results_inter_token_latency_s_quantiles_p99": 0.021654951703510224,
    "results_inter_token_latency_s_mean": 0.016581099480505304,
    "results_inter_token_latency_s_min": 0.010969029691683745,
    "results_inter_token_latency_s_max": 0.05275023161482295,
    "results_inter_token_latency_s_stddev": 0.0028888047638740465,
    "results_ttft_s_quantiles_p25": 0.9681557995000247,
    "results_ttft_s_quantiles_p50": 0.9872274174999518,
    "results_ttft_s_quantiles_p75": 1.010423488000015,
    "results_ttft_s_quantiles_p90": 1.0335393879000094,
    "results_ttft_s_quantiles_p95": 1.047426665749964,
    "results_ttft_s_quantiles_p99": 1.0745079993100666,
    "results_ttft_s_mean": 1.0002528589659994,
    "results_ttft_s_min": 0.9276879420000341,
    "results_ttft_s_max": 5.966785108999943,
    "results_ttft_s_stddev": 0.2247326946039279,
    "results_end_to_end_latency_s_quantiles_p25": 1.5750480185000129,
    "results_end_to_end_latency_s_quantiles_p50": 1.9822634504999712,
    "results_end_to_end_latency_s_quantiles_p75": 2.8520223410000085,
    "results_end_to_end_latency_s_quantiles_p90": 4.382949242000014,
    "results_end_to_end_latency_s_quantiles_p95": 6.1016483080500015,
    "results_end_to_end_latency_s_quantiles_p99": 6.247310880480036,
    "results_end_to_end_latency_s_mean": 2.4542902790040015,
    "results_end_to_end_latency_s_min": 1.0994573500000229,
    "results_end_to_end_latency_s_max": 7.227269590999981,
    "results_end_to_end_latency_s_stddev": 1.3044467329501783,
    "results_request_output_throughput_token_per_s_quantiles_p25": 44.97240742458692,
    "results_request_output_throughput_token_per_s_quantiles_p50": 50.13912744558463,
    "results_request_output_throughput_token_per_s_quantiles_p75": 56.88422807132618,
    "results_request_output_throughput_token_per_s_quantiles_p90": 62.16946374543207,
    "results_request_output_throughput_token_per_s_quantiles_p95": 64.97542729203272,
    "results_request_output_throughput_token_per_s_quantiles_p99": 66.08642832693864,
    "results_request_output_throughput_token_per_s_mean": 50.98207420298799,
    "results_request_output_throughput_token_per_s_min": 16.88051046994634,
    "results_request_output_throughput_token_per_s_max": 66.93988864939183,
    "results_request_output_throughput_token_per_s_stddev": 7.727240347341149,
    "results_number_input_tokens_quantiles_p25": 98.0,
    "results_number_input_tokens_quantiles_p50": 99.0,
    "results_number_input_tokens_quantiles_p75": 101.0,
    "results_number_input_tokens_quantiles_p90": 102.0,
    "results_number_input_tokens_quantiles_p95": 103.0,
    "results_number_input_tokens_quantiles_p99": 104.0,
    "results_number_input_tokens_mean": 99.426,
    "results_number_input_tokens_min": 92,
    "results_number_input_tokens_max": 104,
    "results_number_input_tokens_stddev": 2.054498949102606,
    "results_number_output_tokens_quantiles_p25": 83.75,
    "results_number_output_tokens_quantiles_p50": 112.0,
    "results_number_output_tokens_quantiles_p75": 188.0,
    "results_number_output_tokens_quantiles_p90": 304.1,
    "results_number_output_tokens_quantiles_p95": 477.5499999999995,
    "results_number_output_tokens_quantiles_p99": 509.02,
    "results_number_output_tokens_mean": 156.416,
    "results_number_output_tokens_min": 47,
    "results_number_output_tokens_max": 516,
    "results_number_output_tokens_stddev": 114.74809451310632,
    "results_num_requests_started": 500,
    "results_error_rate": 0.0,
    "results_number_errors": 0,
    "results_error_code_frequency": "{}",
    "results_mean_output_throughput_token_per_s": 279.6815431929483,
    "results_num_completed_requests": 500,
    "results_num_completed_requests_per_min": 107.2837343467222,
    "timestamp": 1714122117
}