{
    "version": "2023-08-31",
    "name": "llama-3-8b-instruct_100_400_summary",
    "model": "llama-3-8b-instruct",
    "mean_input_tokens": 100,
    "stddev_input_tokens": 2,
    "mean_output_tokens": 400,
    "stddev_output_tokens": 2,
    "num_concurrent_requests": 256,
    "results_inter_token_latency_s_quantiles_p25": 0.014344928313729563,
    "results_inter_token_latency_s_quantiles_p50": 0.028525143468492945,
    "results_inter_token_latency_s_quantiles_p75": 0.04046457889883856,
    "results_inter_token_latency_s_quantiles_p90": 0.04440215207698022,
    "results_inter_token_latency_s_quantiles_p95": 0.04600537553408203,
    "results_inter_token_latency_s_quantiles_p99": 0.06288946983714448,
    "results_inter_token_latency_s_mean": 0.03289988000995016,
    "results_inter_token_latency_s_min": 0.011226455882820119,
    "results_inter_token_latency_s_max": 1.281636813499972,
    "results_inter_token_latency_s_stddev": 0.0715230099366033,
    "results_ttft_s_quantiles_p25": 0.8995511150005768,
    "results_ttft_s_quantiles_p50": 1.4828660130006028,
    "results_ttft_s_quantiles_p75": 2.1487027519997355,
    "results_ttft_s_quantiles_p90": 3.0085524057994917,
    "results_ttft_s_quantiles_p95": 3.4394242568001565,
    "results_ttft_s_quantiles_p99": 3.8466822434801,
    "results_ttft_s_mean": 1.649928578076639,
    "results_ttft_s_min": 0.5900591499994334,
    "results_ttft_s_max": 4.241240846000437,
    "results_ttft_s_stddev": 0.8833919454193108,
    "results_end_to_end_latency_s_quantiles_p25": 1.7732836870000028,
    "results_end_to_end_latency_s_quantiles_p50": 3.0063192540001182,
    "results_end_to_end_latency_s_quantiles_p75": 4.6274323850002475,
    "results_end_to_end_latency_s_quantiles_p90": 7.492419779399825,
    "results_end_to_end_latency_s_quantiles_p95": 10.955455678599717,
    "results_end_to_end_latency_s_quantiles_p99": 17.903559062720277,
    "results_end_to_end_latency_s_mean": 3.9119418750216264,
    "results_end_to_end_latency_s_min": 0.5901703459994678,
    "results_end_to_end_latency_s_max": 19.592005898000025,
    "results_end_to_end_latency_s_stddev": 3.382832780303838,
    "results_request_output_throughput_token_per_s_quantiles_p25": 21.02656908466818,
    "results_request_output_throughput_token_per_s_quantiles_p50": 28.83180985926191,
    "results_request_output_throughput_token_per_s_quantiles_p75": 60.55269149407694,
    "results_request_output_throughput_token_per_s_quantiles_p90": 62.92699387017228,
    "results_request_output_throughput_token_per_s_quantiles_p95": 64.64054284573974,
    "results_request_output_throughput_token_per_s_quantiles_p99": 68.17377308374452,
    "results_request_output_throughput_token_per_s_mean": 40.104370943582246,
    "results_request_output_throughput_token_per_s_min": 1.170323533635133,
    "results_request_output_throughput_token_per_s_max": 69.50881536222047,
    "results_request_output_throughput_token_per_s_stddev": 19.42370416091137,
    "results_number_input_tokens_quantiles_p25": 98.0,
    "results_number_input_tokens_quantiles_p50": 99.0,
    "results_number_input_tokens_quantiles_p75": 101.0,
    "results_number_input_tokens_quantiles_p90": 102.0,
    "results_number_input_tokens_quantiles_p95": 103.0,
    "results_number_input_tokens_quantiles_p99": 104.0,
    "results_number_input_tokens_mean": 99.48330058939096,
    "results_number_input_tokens_min": 94,
    "results_number_input_tokens_max": 105,
    "results_number_input_tokens_stddev": 2.0635131990031663,
    "results_number_output_tokens_quantiles_p25": 83.0,
    "results_number_output_tokens_quantiles_p50": 111.0,
    "results_number_output_tokens_quantiles_p75": 176.0,
    "results_number_output_tokens_quantiles_p90": 274.2,
    "results_number_output_tokens_quantiles_p95": 458.9999999999993,
    "results_number_output_tokens_quantiles_p99": 517.9200000000001,
    "results_number_output_tokens_mean": 148.7269155206287,
    "results_number_output_tokens_min": 2,
    "results_number_output_tokens_max": 546,
    "results_number_output_tokens_stddev": 108.77533229487719,
    "results_num_requests_started": 512,
    "results_error_rate": 0.005859375,
    "results_number_errors": 3,
    "results_error_code_frequency": "{400.0: 3}",
    "results_mean_output_throughput_token_per_s": 481.8330895330864,
    "results_num_completed_requests": 509,
    "results_num_completed_requests_per_min": 194.38300909276452,
    "timestamp": 1713956997
}