{
    "version": "2023-08-31",
    "name": "Cohere-command-r-plus_400_100_summary",
    "model": "Cohere-command-r-plus",
    "mean_input_tokens": 400,
    "stddev_input_tokens": 2,
    "mean_output_tokens": 100,
    "stddev_output_tokens": 2,
    "num_concurrent_requests": 10,
    "results_inter_token_latency_s_quantiles_p25": 0.04153045869910895,
    "results_inter_token_latency_s_quantiles_p50": 0.04300294775564948,
    "results_inter_token_latency_s_quantiles_p75": 0.04501065630117255,
    "results_inter_token_latency_s_quantiles_p90": 0.04736056181919301,
    "results_inter_token_latency_s_quantiles_p95": 0.048916271201814035,
    "results_inter_token_latency_s_quantiles_p99": 1.158265792929942,
    "results_inter_token_latency_s_mean": 0.07046133792484985,
    "results_inter_token_latency_s_min": 0.036935844338611384,
    "results_inter_token_latency_s_max": 1.2333210754998163,
    "results_inter_token_latency_s_stddev": 0.17015565003567173,
    "results_ttft_s_quantiles_p25": 3.7551588817501624,
    "results_ttft_s_quantiles_p50": 3.953725263000024,
    "results_ttft_s_quantiles_p75": 4.138609916249948,
    "results_ttft_s_quantiles_p90": 4.3091533144996905,
    "results_ttft_s_quantiles_p95": 4.4346249934998,
    "results_ttft_s_quantiles_p99": 4.689994330839885,
    "results_ttft_s_mean": 3.9375800024440024,
    "results_ttft_s_min": 2.0947071400000823,
    "results_ttft_s_max": 14.421244956999999,
    "results_ttft_s_stddev": 0.8054109259777315,
    "results_end_to_end_latency_s_quantiles_p25": 4.7643148952503225,
    "results_end_to_end_latency_s_quantiles_p50": 4.892958399500003,
    "results_end_to_end_latency_s_quantiles_p75": 5.098884552249956,
    "results_end_to_end_latency_s_quantiles_p90": 5.279324278999684,
    "results_end_to_end_latency_s_quantiles_p95": 5.373433482749715,
    "results_end_to_end_latency_s_quantiles_p99": 5.518161911600202,
    "results_end_to_end_latency_s_mean": 4.925536769794006,
    "results_end_to_end_latency_s_min": 2.094806526999946,
    "results_end_to_end_latency_s_max": 15.593816368000262,
    "results_end_to_end_latency_s_stddev": 0.8508097488654025,
    "results_request_output_throughput_token_per_s_quantiles_p25": 18.2021661695546,
    "results_request_output_throughput_token_per_s_quantiles_p50": 19.04592582432878,
    "results_request_output_throughput_token_per_s_quantiles_p75": 19.62113131814463,
    "results_request_output_throughput_token_per_s_quantiles_p90": 20.27378113447453,
    "results_request_output_throughput_token_per_s_quantiles_p95": 20.701615876739677,
    "results_request_output_throughput_token_per_s_quantiles_p99": 21.420022482290058,
    "results_request_output_throughput_token_per_s_mean": 18.496104420909134,
    "results_request_output_throughput_token_per_s_min": 1.2161790492914224,
    "results_request_output_throughput_token_per_s_max": 21.968315671241204,
    "results_request_output_throughput_token_per_s_stddev": 3.0731776772070756,
    "results_number_input_tokens_quantiles_p25": 398.0,
    "results_number_input_tokens_quantiles_p50": 400.0,
    "results_number_input_tokens_quantiles_p75": 401.0,
    "results_number_input_tokens_quantiles_p90": 402.0,
    "results_number_input_tokens_quantiles_p95": 403.0,
    "results_number_input_tokens_quantiles_p99": 405.0,
    "results_number_input_tokens_mean": 399.516,
    "results_number_input_tokens_min": 393,
    "results_number_input_tokens_max": 407,
    "results_number_input_tokens_stddev": 2.126685115187091,
    "results_number_output_tokens_quantiles_p25": 109.0,
    "results_number_output_tokens_quantiles_p50": 112.0,
    "results_number_output_tokens_quantiles_p75": 115.0,
    "results_number_output_tokens_quantiles_p90": 118.0,
    "results_number_output_tokens_quantiles_p95": 120.0,
    "results_number_output_tokens_quantiles_p99": 124.0,
    "results_number_output_tokens_mean": 109.158,
    "results_number_output_tokens_min": 2,
    "results_number_output_tokens_max": 127,
    "results_number_output_tokens_stddev": 17.856840973113858,
    "results_num_requests_started": 500,
    "results_error_rate": 0.0,
    "results_number_errors": 0,
    "results_error_code_frequency": "{}",
    "results_mean_output_throughput_token_per_s": 161.64560767909225,
    "results_num_completed_requests": 500,
    "results_num_completed_requests_per_min": 88.8504412021614,
    "timestamp": 1715327616
}