{
    "version": "2023-08-31",
    "name": "Mistral-small_400_100_summary",
    "model": "Mistral-small",
    "mean_input_tokens": 400,
    "stddev_input_tokens": 2,
    "mean_output_tokens": 100,
    "stddev_output_tokens": 2,
    "num_concurrent_requests": 10,
    "results_inter_token_latency_s_quantiles_p25": 0.019194754215436552,
    "results_inter_token_latency_s_quantiles_p50": 0.01963680443136537,
    "results_inter_token_latency_s_quantiles_p75": 0.02021184730215215,
    "results_inter_token_latency_s_quantiles_p90": 0.020863017675720116,
    "results_inter_token_latency_s_quantiles_p95": 0.021205955145569687,
    "results_inter_token_latency_s_quantiles_p99": 0.68986667193996,
    "results_inter_token_latency_s_mean": 0.028105026364410726,
    "results_inter_token_latency_s_min": 0.017700486736355908,
    "results_inter_token_latency_s_max": 0.7430619749999323,
    "results_inter_token_latency_s_stddev": 0.07569819889874493,
    "results_ttft_s_quantiles_p25": 1.3866289635000157,
    "results_ttft_s_quantiles_p50": 1.4286078760001146,
    "results_ttft_s_quantiles_p75": 1.4705997529999877,
    "results_ttft_s_quantiles_p90": 1.5291102465999757,
    "results_ttft_s_quantiles_p95": 1.869570090999923,
    "results_ttft_s_quantiles_p99": 2.026279652519961,
    "results_ttft_s_mean": 1.4560253126593172,
    "results_ttft_s_min": 1.2769717139999557,
    "results_ttft_s_max": 2.1011042259999613,
    "results_ttft_s_stddev": 0.137076155937346,
    "results_end_to_end_latency_s_quantiles_p25": 2.0761273519999577,
    "results_end_to_end_latency_s_quantiles_p50": 2.1290858160000425,
    "results_end_to_end_latency_s_quantiles_p75": 2.1813684999999623,
    "results_end_to_end_latency_s_quantiles_p90": 2.228377061600122,
    "results_end_to_end_latency_s_quantiles_p95": 2.253719762999867,
    "results_end_to_end_latency_s_quantiles_p99": 2.29825908756,
    "results_end_to_end_latency_s_mean": 2.124678797126254,
    "results_end_to_end_latency_s_min": 1.3792436019998604,
    "results_end_to_end_latency_s_max": 2.379900318999944,
    "results_end_to_end_latency_s_stddev": 0.10527189722567844,
    "results_request_output_throughput_token_per_s_quantiles_p25": 42.87042239959774,
    "results_request_output_throughput_token_per_s_quantiles_p50": 44.017027265503195,
    "results_request_output_throughput_token_per_s_quantiles_p75": 45.259574822587666,
    "results_request_output_throughput_token_per_s_quantiles_p90": 46.739918036734664,
    "results_request_output_throughput_token_per_s_quantiles_p95": 48.095354793522084,
    "results_request_output_throughput_token_per_s_quantiles_p99": 49.36315157474886,
    "results_request_output_throughput_token_per_s_mean": 43.67052964509711,
    "results_request_output_throughput_token_per_s_min": 2.01853710768787,
    "results_request_output_throughput_token_per_s_max": 49.94288918005726,
    "results_request_output_throughput_token_per_s_stddev": 5.088490099460813,
    "results_number_input_tokens_quantiles_p25": 398.0,
    "results_number_input_tokens_quantiles_p50": 400.0,
    "results_number_input_tokens_quantiles_p75": 401.0,
    "results_number_input_tokens_quantiles_p90": 402.0,
    "results_number_input_tokens_quantiles_p95": 403.0,
    "results_number_input_tokens_quantiles_p99": 404.0,
    "results_number_input_tokens_mean": 399.5130260521042,
    "results_number_input_tokens_min": 394,
    "results_number_input_tokens_max": 406,
    "results_number_input_tokens_stddev": 2.0664975951026197,
    "results_number_output_tokens_quantiles_p25": 101.0,
    "results_number_output_tokens_quantiles_p50": 103.0,
    "results_number_output_tokens_quantiles_p75": 105.0,
    "results_number_output_tokens_quantiles_p90": 107.0,
    "results_number_output_tokens_quantiles_p95": 108.0,
    "results_number_output_tokens_quantiles_p99": 110.0,
    "results_number_output_tokens_mean": 101.71943887775551,
    "results_number_output_tokens_min": 2,
    "results_number_output_tokens_max": 115,
    "results_number_output_tokens_stddev": 11.769772856693722,
    "results_num_requests_started": 500,
    "results_error_rate": 0.002,
    "results_number_errors": 1,
    "results_error_code_frequency": "{500.0: 1}",
    "results_mean_output_throughput_token_per_s": 288.92899419345304,
    "results_num_completed_requests": 499,
    "results_num_completed_requests_per_min": 170.42700827755198,
    "timestamp": 1715326884
}