{
    "version": "2023-08-31",
    "name": "Mistral-small_400_100_summary",
    "model": "Mistral-small",
    "mean_input_tokens": 400,
    "stddev_input_tokens": 2,
    "mean_output_tokens": 100,
    "stddev_output_tokens": 2,
    "num_concurrent_requests": 10,
    "results_inter_token_latency_s_quantiles_p25": 0.015645571483484548,
    "results_inter_token_latency_s_quantiles_p50": 0.016221398739445267,
    "results_inter_token_latency_s_quantiles_p75": 0.016787865795239602,
    "results_inter_token_latency_s_quantiles_p90": 0.017332638879408113,
    "results_inter_token_latency_s_quantiles_p95": 0.017707003745730733,
    "results_inter_token_latency_s_quantiles_p99": 0.027122388843510547,
    "results_inter_token_latency_s_mean": 0.020520264184310893,
    "results_inter_token_latency_s_min": 0.014554150226417132,
    "results_inter_token_latency_s_max": 0.5813784000000624,
    "results_inter_token_latency_s_stddev": 0.04721935873200514,
    "results_ttft_s_quantiles_p25": 1.0253603645000453,
    "results_ttft_s_quantiles_p50": 1.0635088480000832,
    "results_ttft_s_quantiles_p75": 1.1263724147500511,
    "results_ttft_s_quantiles_p90": 1.2047412951999832,
    "results_ttft_s_quantiles_p95": 1.5658455837501377,
    "results_ttft_s_quantiles_p99": 1.7075713031099666,
    "results_ttft_s_mean": 1.106953357708002,
    "results_ttft_s_min": 0.9093240219999643,
    "results_ttft_s_max": 2.142813174999901,
    "results_ttft_s_stddev": 0.15907300658017984,
    "results_end_to_end_latency_s_quantiles_p25": 1.6225684064999086,
    "results_end_to_end_latency_s_quantiles_p50": 1.6720590065000351,
    "results_end_to_end_latency_s_quantiles_p75": 1.7283037770001783,
    "results_end_to_end_latency_s_quantiles_p90": 1.7761630233000005,
    "results_end_to_end_latency_s_quantiles_p95": 1.8073938802499125,
    "results_end_to_end_latency_s_quantiles_p99": 1.8886109296400673,
    "results_end_to_end_latency_s_mean": 1.675798418540001,
    "results_end_to_end_latency_s_min": 1.0254559850000078,
    "results_end_to_end_latency_s_max": 2.794538019999891,
    "results_end_to_end_latency_s_stddev": 0.10537430841278471,
    "results_request_output_throughput_token_per_s_quantiles_p25": 54.30112499908974,
    "results_request_output_throughput_token_per_s_quantiles_p50": 56.38276480398356,
    "results_request_output_throughput_token_per_s_quantiles_p75": 58.17201318093707,
    "results_request_output_throughput_token_per_s_quantiles_p90": 59.710141678396596,
    "results_request_output_throughput_token_per_s_quantiles_p95": 61.39466939245957,
    "results_request_output_throughput_token_per_s_quantiles_p99": 62.982509764604565,
    "results_request_output_throughput_token_per_s_mean": 55.84994860724438,
    "results_request_output_throughput_token_per_s_min": 2.5798841942097526,
    "results_request_output_throughput_token_per_s_max": 65.0239036239161,
    "results_request_output_throughput_token_per_s_stddev": 5.753535186034005,
    "results_number_input_tokens_quantiles_p25": 398.0,
    "results_number_input_tokens_quantiles_p50": 400.0,
    "results_number_input_tokens_quantiles_p75": 401.0,
    "results_number_input_tokens_quantiles_p90": 402.0,
    "results_number_input_tokens_quantiles_p95": 403.0,
    "results_number_input_tokens_quantiles_p99": 404.0,
    "results_number_input_tokens_mean": 399.472,
    "results_number_input_tokens_min": 393,
    "results_number_input_tokens_max": 405,
    "results_number_input_tokens_stddev": 1.9216142178920377,
    "results_number_output_tokens_quantiles_p25": 101.0,
    "results_number_output_tokens_quantiles_p50": 103.0,
    "results_number_output_tokens_quantiles_p75": 105.0,
    "results_number_output_tokens_quantiles_p90": 107.0,
    "results_number_output_tokens_quantiles_p95": 108.0,
    "results_number_output_tokens_quantiles_p99": 110.0,
    "results_number_output_tokens_mean": 102.182,
    "results_number_output_tokens_min": 2,
    "results_number_output_tokens_max": 112,
    "results_number_output_tokens_stddev": 9.812310577929924,
    "results_num_requests_started": 500,
    "results_error_rate": 0.0,
    "results_number_errors": 0,
    "results_error_code_frequency": "{}",
    "results_mean_output_throughput_token_per_s": 345.9708242119059,
    "results_num_completed_requests": 500,
    "results_num_completed_requests_per_min": 203.14976661950593,
    "timestamp": 1715318834
}