{
    "version": "2023-08-31",
    "name": "llama-3-70b-instruct_400_100_summary",
    "model": "llama-3-70b-instruct",
    "mean_input_tokens": 400,
    "stddev_input_tokens": 2,
    "mean_output_tokens": 100,
    "stddev_output_tokens": 2,
    "num_concurrent_requests": 10,
    "results_inter_token_latency_s_quantiles_p25": 0.05385375377695488,
    "results_inter_token_latency_s_quantiles_p50": 0.05694242947733612,
    "results_inter_token_latency_s_quantiles_p75": 0.06045914797570107,
    "results_inter_token_latency_s_quantiles_p90": 0.06379043744236779,
    "results_inter_token_latency_s_quantiles_p95": 0.06646947317062066,
    "results_inter_token_latency_s_quantiles_p99": 0.15789231367582837,
    "results_inter_token_latency_s_mean": 0.07656842220114264,
    "results_inter_token_latency_s_min": 0.048276788243702184,
    "results_inter_token_latency_s_max": 2.4993854424999427,
    "results_inter_token_latency_s_stddev": 0.1933075706537219,
    "results_ttft_s_quantiles_p25": 3.0094550782498573,
    "results_ttft_s_quantiles_p50": 3.7701858200000515,
    "results_ttft_s_quantiles_p75": 4.384582524999814,
    "results_ttft_s_quantiles_p90": 4.891090676100112,
    "results_ttft_s_quantiles_p95": 5.160588756950028,
    "results_ttft_s_quantiles_p99": 5.7510497918101375,
    "results_ttft_s_mean": 3.7452962577068205,
    "results_ttft_s_min": 2.221589976999894,
    "results_ttft_s_max": 6.129943203000039,
    "results_ttft_s_stddev": 0.8566207572711512,
    "results_end_to_end_latency_s_quantiles_p25": 6.390097766500162,
    "results_end_to_end_latency_s_quantiles_p50": 6.752675279499954,
    "results_end_to_end_latency_s_quantiles_p75": 7.131380508750112,
    "results_end_to_end_latency_s_quantiles_p90": 7.542391871099926,
    "results_end_to_end_latency_s_quantiles_p95": 7.772695215299927,
    "results_end_to_end_latency_s_quantiles_p99": 8.090289678530079,
    "results_end_to_end_latency_s_mean": 6.772475987365451,
    "results_end_to_end_latency_s_min": 2.991230704999907,
    "results_end_to_end_latency_s_max": 8.28310004099967,
    "results_end_to_end_latency_s_stddev": 0.5986745987530442,
    "results_request_output_throughput_token_per_s_quantiles_p25": 14.035954220208263,
    "results_request_output_throughput_token_per_s_quantiles_p50": 14.83992100346573,
    "results_request_output_throughput_token_per_s_quantiles_p75": 15.687315425802566,
    "results_request_output_throughput_token_per_s_quantiles_p90": 16.310994409316788,
    "results_request_output_throughput_token_per_s_quantiles_p95": 16.614464702073377,
    "results_request_output_throughput_token_per_s_quantiles_p99": 16.905803544127785,
    "results_request_output_throughput_token_per_s_mean": 14.706727245060394,
    "results_request_output_throughput_token_per_s_min": 0.6001356206880327,
    "results_request_output_throughput_token_per_s_max": 17.01606930780426,
    "results_request_output_throughput_token_per_s_stddev": 1.8056934807786986,
    "results_number_input_tokens_quantiles_p25": 398.0,
    "results_number_input_tokens_quantiles_p50": 400.0,
    "results_number_input_tokens_quantiles_p75": 401.0,
    "results_number_input_tokens_quantiles_p90": 402.0,
    "results_number_input_tokens_quantiles_p95": 403.0,
    "results_number_input_tokens_quantiles_p99": 404.0,
    "results_number_input_tokens_mean": 399.5642570281124,
    "results_number_input_tokens_min": 392,
    "results_number_input_tokens_max": 405,
    "results_number_input_tokens_stddev": 1.990138552702937,
    "results_number_output_tokens_quantiles_p25": 115.0,
    "results_number_output_tokens_quantiles_p50": 119.0,
    "results_number_output_tokens_quantiles_p75": 122.0,
    "results_number_output_tokens_quantiles_p90": 125.0,
    "results_number_output_tokens_quantiles_p95": 127.0,
    "results_number_output_tokens_quantiles_p99": 129.0,
    "results_number_output_tokens_mean": 117.43373493975903,
    "results_number_output_tokens_min": 2,
    "results_number_output_tokens_max": 132,
    "results_number_output_tokens_stddev": 12.8503468823219,
    "results_num_requests_started": 500,
    "results_error_rate": 0.004,
    "results_number_errors": 2,
    "results_error_code_frequency": "{500.0: 2}",
    "results_mean_output_throughput_token_per_s": 137.33088042617095,
    "results_num_completed_requests": 498,
    "results_num_completed_requests_per_min": 70.16597768773276,
    "timestamp": 1714636158
}