{
    "version": "2023-08-31",
    "name": "Mistral-large_8000_2000_summary",
    "model": "Mistral-large",
    "timestamp": 1717495861,
    "subscription_id": "75703df0-38f9-4e2e-8328-45f6fc810286",
    "resource_group": "rg-sonata-eastus",
    "workspaces": "llmperf-project-eastus",
    "mean_input_tokens": 8000,
    "stddev_input_tokens": 2,
    "mean_output_tokens": 2000,
    "stddev_output_tokens": 2,
    "num_concurrent_requests": 30,
    "results_inter_token_latency_s_quantiles_p25": 0.047746996927397096,
    "results_inter_token_latency_s_quantiles_p50": 0.04894628266867101,
    "results_inter_token_latency_s_quantiles_p75": 0.050943615717284535,
    "results_inter_token_latency_s_quantiles_p90": 0.05248922527051651,
    "results_inter_token_latency_s_quantiles_p95": 0.053066326150514855,
    "results_inter_token_latency_s_quantiles_p99": 0.05656277210330414,
    "results_inter_token_latency_s_mean": 0.049447562221993424,
    "results_inter_token_latency_s_min": 0.04584549547925239,
    "results_inter_token_latency_s_max": 0.05787624903280527,
    "results_inter_token_latency_s_stddev": 0.002477454673258458,
    "results_ttft_s_quantiles_p25": 5.848121359999936,
    "results_ttft_s_quantiles_p50": 7.884558812999785,
    "results_ttft_s_quantiles_p75": 9.234121720499843,
    "results_ttft_s_quantiles_p90": 11.88256037249994,
    "results_ttft_s_quantiles_p95": 13.023758161849809,
    "results_ttft_s_quantiles_p99": 13.72225759088,
    "results_ttft_s_mean": 7.958060523574996,
    "results_ttft_s_min": 3.373249466999823,
    "results_ttft_s_max": 13.890906789999917,
    "results_ttft_s_stddev": 2.6789064700575658,
    "results_end_to_end_latency_s_quantiles_p25": 95.28985190325022,
    "results_end_to_end_latency_s_quantiles_p50": 98.74355672649995,
    "results_end_to_end_latency_s_quantiles_p75": 101.94474766525013,
    "results_end_to_end_latency_s_quantiles_p90": 105.53446422519968,
    "results_end_to_end_latency_s_quantiles_p95": 106.4203738101498,
    "results_end_to_end_latency_s_quantiles_p99": 108.45612770776012,
    "results_end_to_end_latency_s_mean": 92.32776658588334,
    "results_end_to_end_latency_s_min": 40.810927098999855,
    "results_end_to_end_latency_s_max": 108.5256079830001,
    "results_end_to_end_latency_s_stddev": 17.568670455167766,
    "results_request_output_throughput_token_per_s_quantiles_p25": 17.627995206179037,
    "results_request_output_throughput_token_per_s_quantiles_p50": 18.3103954132084,
    "results_request_output_throughput_token_per_s_quantiles_p75": 18.80436478398381,
    "results_request_output_throughput_token_per_s_quantiles_p90": 19.247195064533354,
    "results_request_output_throughput_token_per_s_quantiles_p95": 19.417707068702743,
    "results_request_output_throughput_token_per_s_quantiles_p99": 19.528516498110374,
    "results_request_output_throughput_token_per_s_mean": 18.19213613819731,
    "results_request_output_throughput_token_per_s_min": 15.536399013590438,
    "results_request_output_throughput_token_per_s_max": 19.612839133944032,
    "results_request_output_throughput_token_per_s_stddev": 0.8664108274137914,
    "results_number_input_tokens_quantiles_p25": 7998.0,
    "results_number_input_tokens_quantiles_p50": 8000.0,
    "results_number_input_tokens_quantiles_p75": 8001.0,
    "results_number_input_tokens_quantiles_p90": 8002.0,
    "results_number_input_tokens_quantiles_p95": 8003.0,
    "results_number_input_tokens_quantiles_p99": 8004.81,
    "results_number_input_tokens_mean": 7999.766666666666,
    "results_number_input_tokens_min": 7995,
    "results_number_input_tokens_max": 8008,
    "results_number_input_tokens_stddev": 2.1488059351134354,
    "results_number_output_tokens_quantiles_p25": 2047.0,
    "results_number_output_tokens_quantiles_p50": 2050.0,
    "results_number_output_tokens_quantiles_p75": 2052.25,
    "results_number_output_tokens_quantiles_p90": 2055.0,
    "results_number_output_tokens_quantiles_p95": 2057.05,
    "results_number_output_tokens_quantiles_p99": 2060.62,
    "results_number_output_tokens_mean": 1876.5,
    "results_number_output_tokens_min": 781,
    "results_number_output_tokens_max": 2062,
    "results_number_output_tokens_stddev": 379.0050220283223,
    "results_num_requests_started": 120,
    "results_error_rate": 0.0,
    "results_number_errors": 0,
    "results_error_code_frequency": "{}",
    "results_mean_output_throughput_token_per_s": 514.4837899538101,
    "results_num_completed_requests": 120,
    "results_num_completed_requests_per_min": 16.45032102170456
}