{
    "version": "2023-08-31",
    "name": "Llama-2-70b-chat_400_100_summary",
    "model": "Llama-2-70b-chat",
    "mean_input_tokens": 400,
    "stddev_input_tokens": 2,
    "mean_output_tokens": 100,
    "stddev_output_tokens": 2,
    "num_concurrent_requests": 10,
    "results_inter_token_latency_s_quantiles_p25": 0.056934349640009714,
    "results_inter_token_latency_s_quantiles_p50": 0.05710503447527918,
    "results_inter_token_latency_s_quantiles_p75": 0.05757552768318419,
    "results_inter_token_latency_s_quantiles_p90": 0.06160676801602767,
    "results_inter_token_latency_s_quantiles_p95": 0.07874284800863011,
    "results_inter_token_latency_s_quantiles_p99": 0.12713810198852024,
    "results_inter_token_latency_s_mean": 0.06136618859108038,
    "results_inter_token_latency_s_min": 0.056743686920810325,
    "results_inter_token_latency_s_max": 0.12838926573738607,
    "results_inter_token_latency_s_stddev": 0.01555695816156623,
    "results_ttft_s_quantiles_p25": 2.7857585929996276,
    "results_ttft_s_quantiles_p50": 3.297043910999946,
    "results_ttft_s_quantiles_p75": 3.5347964420002427,
    "results_ttft_s_quantiles_p90": 3.702562984999804,
    "results_ttft_s_quantiles_p95": 3.8316931717997247,
    "results_ttft_s_quantiles_p99": 4.24485275276007,
    "results_ttft_s_mean": 3.1813819864386015,
    "results_ttft_s_min": 2.367929240999729,
    "results_ttft_s_max": 4.391384987000038,
    "results_ttft_s_stddev": 0.4678648867317779,
    "results_end_to_end_latency_s_quantiles_p25": 5.707777329000237,
    "results_end_to_end_latency_s_quantiles_p50": 5.787293241000043,
    "results_end_to_end_latency_s_quantiles_p75": 5.923066846999973,
    "results_end_to_end_latency_s_quantiles_p90": 6.188759618800214,
    "results_end_to_end_latency_s_quantiles_p95": 7.879451967399811,
    "results_end_to_end_latency_s_quantiles_p99": 13.025340177400285,
    "results_end_to_end_latency_s_mean": 6.199817455842094,
    "results_end_to_end_latency_s_min": 5.59142995000002,
    "results_end_to_end_latency_s_max": 13.065108163000332,
    "results_end_to_end_latency_s_stddev": 1.611146132115561,
    "results_request_output_throughput_token_per_s_quantiles_p25": 17.352782294618496,
    "results_request_output_throughput_token_per_s_quantiles_p50": 17.496299003974507,
    "results_request_output_throughput_token_per_s_quantiles_p75": 17.549802584954993,
    "results_request_output_throughput_token_per_s_quantiles_p90": 17.56937984513316,
    "results_request_output_throughput_token_per_s_quantiles_p95": 17.576321041349857,
    "results_request_output_throughput_token_per_s_quantiles_p99": 17.59729205313996,
    "results_request_output_throughput_token_per_s_mean": 16.820360661999615,
    "results_request_output_throughput_token_per_s_min": 7.785769378868927,
    "results_request_output_throughput_token_per_s_max": 17.607381809959637,
    "results_request_output_throughput_token_per_s_stddev": 2.173715714272257,
    "results_number_input_tokens_quantiles_p25": 399.0,
    "results_number_input_tokens_quantiles_p50": 400.0,
    "results_number_input_tokens_quantiles_p75": 401.0,
    "results_number_input_tokens_quantiles_p90": 402.0,
    "results_number_input_tokens_quantiles_p95": 402.2,
    "results_number_input_tokens_quantiles_p99": 403.88,
    "results_number_input_tokens_mean": 399.82456140350877,
    "results_number_input_tokens_min": 396,
    "results_number_input_tokens_max": 405,
    "results_number_input_tokens_stddev": 1.8334472509606428,
    "results_number_output_tokens_quantiles_p25": 100.0,
    "results_number_output_tokens_quantiles_p50": 101.0,
    "results_number_output_tokens_quantiles_p75": 102.0,
    "results_number_output_tokens_quantiles_p90": 104.0,
    "results_number_output_tokens_quantiles_p95": 104.19999999999999,
    "results_number_output_tokens_quantiles_p99": 105.0,
    "results_number_output_tokens_mean": 100.87719298245614,
    "results_number_output_tokens_min": 98,
    "results_number_output_tokens_max": 105,
    "results_number_output_tokens_stddev": 1.852316844990508,
    "results_num_requests_started": 57,
    "results_error_rate": 0.0,
    "results_number_errors": 0,
    "results_error_code_frequency": "{}",
    "results_mean_output_throughput_token_per_s": 9.447358590825418,
    "results_num_completed_requests": 57,
    "results_num_completed_requests_per_min": 5.619124587934422,
    "timestamp": 1713789629
}