{
    "version": "2023-08-31",
    "name": "bedrock-mistral-mistral-small-2402-v1-0_800_200_summary",
    "model": "bedrock/mistral.mistral-small-2402-v1:0",
    "mean_input_tokens": 800,
    "stddev_input_tokens": 2,
    "mean_output_tokens": 200,
    "stddev_output_tokens": 2,
    "num_concurrent_requests": 1,
    "results_inter_token_latency_s_quantiles_p25": 0.020745514370397157,
    "results_inter_token_latency_s_quantiles_p50": 0.020943439538027624,
    "results_inter_token_latency_s_quantiles_p75": 0.021189499580883203,
    "results_inter_token_latency_s_quantiles_p90": 0.021243131389850536,
    "results_inter_token_latency_s_quantiles_p95": 0.021326738574808875,
    "results_inter_token_latency_s_quantiles_p99": 0.021393624322775546,
    "results_inter_token_latency_s_mean": 0.02077225021482069,
    "results_inter_token_latency_s_min": 0.019094690384930876,
    "results_inter_token_latency_s_max": 0.02141034575976721,
    "results_inter_token_latency_s_stddev": 0.0006775220590685802,
    "results_ttft_s_quantiles_p25": 0.48103891450000447,
    "results_ttft_s_quantiles_p50": 0.49975392849955824,
    "results_ttft_s_quantiles_p75": 0.5038014687497707,
    "results_ttft_s_quantiles_p90": 0.5511424688000262,
    "results_ttft_s_quantiles_p95": 0.5628887188999215,
    "results_ttft_s_quantiles_p99": 0.5722857189798378,
    "results_ttft_s_mean": 0.49349471969962905,
    "results_ttft_s_min": 0.37028439399909985,
    "results_ttft_s_max": 0.5746349689998169,
    "results_ttft_s_stddev": 0.053568434426428405,
    "results_end_to_end_latency_s_quantiles_p25": 4.204816370249318,
    "results_end_to_end_latency_s_quantiles_p50": 4.228021369500311,
    "results_end_to_end_latency_s_quantiles_p75": 4.3390133290008635,
    "results_end_to_end_latency_s_quantiles_p90": 4.36970992160077,
    "results_end_to_end_latency_s_quantiles_p95": 4.372533948800173,
    "results_end_to_end_latency_s_quantiles_p99": 4.3747931705596965,
    "results_end_to_end_latency_s_mean": 4.247717218500111,
    "results_end_to_end_latency_s_min": 4.068195967000065,
    "results_end_to_end_latency_s_max": 4.375357975999577,
    "results_end_to_end_latency_s_stddev": 0.09903119775276698,
    "results_request_output_throughput_token_per_s_quantiles_p25": 47.17176005365786,
    "results_request_output_throughput_token_per_s_quantiles_p50": 47.73239243728895,
    "results_request_output_throughput_token_per_s_quantiles_p75": 48.18295455201833,
    "results_request_output_throughput_token_per_s_quantiles_p90": 49.699991882438695,
    "results_request_output_throughput_token_per_s_quantiles_p95": 51.028675843538394,
    "results_request_output_throughput_token_per_s_quantiles_p99": 52.091623012418154,
    "results_request_output_throughput_token_per_s_mean": 48.16621334249401,
    "results_request_output_throughput_token_per_s_min": 46.691726818342204,
    "results_request_output_throughput_token_per_s_max": 52.357359804638094,
    "results_request_output_throughput_token_per_s_stddev": 1.6608902937558472,
    "results_number_input_tokens_quantiles_p25": 799.0,
    "results_number_input_tokens_quantiles_p50": 799.5,
    "results_number_input_tokens_quantiles_p75": 800.0,
    "results_number_input_tokens_quantiles_p90": 800.5,
    "results_number_input_tokens_quantiles_p95": 802.75,
    "results_number_input_tokens_quantiles_p99": 804.55,
    "results_number_input_tokens_mean": 799.9,
    "results_number_input_tokens_min": 798,
    "results_number_input_tokens_max": 805,
    "results_number_input_tokens_stddev": 1.9119507199599983,
    "results_number_output_tokens_quantiles_p25": 202.25,
    "results_number_output_tokens_quantiles_p50": 203.5,
    "results_number_output_tokens_quantiles_p75": 207.5,
    "results_number_output_tokens_quantiles_p90": 211.2,
    "results_number_output_tokens_quantiles_p95": 212.1,
    "results_number_output_tokens_quantiles_p99": 212.82,
    "results_number_output_tokens_mean": 204.5,
    "results_number_output_tokens_min": 196,
    "results_number_output_tokens_max": 213,
    "results_number_output_tokens_stddev": 5.1908038341324785,
    "results_num_requests_started": 10,
    "results_error_rate": 0.0,
    "results_number_errors": 0,
    "results_error_code_frequency": "{}",
    "results_mean_output_throughput_token_per_s": 43.47652639880217,
    "results_num_completed_requests": 10,
    "results_num_completed_requests_per_min": 12.755949065663227,
    "timestamp": 1718373214
}