{
    "version": "2023-08-31",
    "name": "meta-llama-Meta-Llama-3-70B-Instruct_400_100_summary",
    "model": "meta-llama/Meta-Llama-3-70B-Instruct",
    "mean_input_tokens": 400,
    "stddev_input_tokens": 2,
    "mean_output_tokens": 100,
    "stddev_output_tokens": 2,
    "num_concurrent_requests": 10,
    "results_inter_token_latency_s_quantiles_p25": 0.05497595180944234,
    "results_inter_token_latency_s_quantiles_p50": 0.05658127860952464,
    "results_inter_token_latency_s_quantiles_p75": 0.05863561068956263,
    "results_inter_token_latency_s_quantiles_p90": 0.060416783905761315,
    "results_inter_token_latency_s_quantiles_p95": 0.06148494706992492,
    "results_inter_token_latency_s_quantiles_p99": 0.06395749012567677,
    "results_inter_token_latency_s_mean": 0.05687252830703738,
    "results_inter_token_latency_s_min": 0.046335348135715194,
    "results_inter_token_latency_s_max": 0.06646670681131908,
    "results_inter_token_latency_s_stddev": 0.002721847304823037,
    "results_ttft_s_quantiles_p25": 2.78304462425001,
    "results_ttft_s_quantiles_p50": 2.962966168499861,
    "results_ttft_s_quantiles_p75": 3.1232412619998513,
    "results_ttft_s_quantiles_p90": 3.2878880904001564,
    "results_ttft_s_quantiles_p95": 3.3644366314999616,
    "results_ttft_s_quantiles_p99": 3.5178404125797758,
    "results_ttft_s_mean": 2.964903472667985,
    "results_ttft_s_min": 2.521001976000207,
    "results_ttft_s_max": 3.6474877269997705,
    "results_ttft_s_stddev": 0.23212893287156272,
    "results_end_to_end_latency_s_quantiles_p25": 6.649782538499835,
    "results_end_to_end_latency_s_quantiles_p50": 6.84123494350024,
    "results_end_to_end_latency_s_quantiles_p75": 7.024238219999916,
    "results_end_to_end_latency_s_quantiles_p90": 7.222840671799759,
    "results_end_to_end_latency_s_quantiles_p95": 7.346763599450083,
    "results_end_to_end_latency_s_quantiles_p99": 7.529275334020153,
    "results_end_to_end_latency_s_mean": 6.856221535662005,
    "results_end_to_end_latency_s_min": 6.132460518000244,
    "results_end_to_end_latency_s_max": 7.68020892200002,
    "results_end_to_end_latency_s_stddev": 0.27080927238776037,
    "results_request_output_throughput_token_per_s_quantiles_p25": 14.306065040379817,
    "results_request_output_throughput_token_per_s_quantiles_p50": 14.665175387670061,
    "results_request_output_throughput_token_per_s_quantiles_p75": 15.0919370929341,
    "results_request_output_throughput_token_per_s_quantiles_p90": 15.347124746685259,
    "results_request_output_throughput_token_per_s_quantiles_p95": 15.535859759885652,
    "results_request_output_throughput_token_per_s_quantiles_p99": 15.654577675664958,
    "results_request_output_throughput_token_per_s_mean": 14.678104222965683,
    "results_request_output_throughput_token_per_s_min": 13.424861409387555,
    "results_request_output_throughput_token_per_s_max": 15.745619586575488,
    "results_request_output_throughput_token_per_s_stddev": 0.5193093854343891,
    "results_number_input_tokens_quantiles_p25": 398.0,
    "results_number_input_tokens_quantiles_p50": 400.0,
    "results_number_input_tokens_quantiles_p75": 401.0,
    "results_number_input_tokens_quantiles_p90": 402.0,
    "results_number_input_tokens_quantiles_p95": 403.0,
    "results_number_input_tokens_quantiles_p99": 404.0,
    "results_number_input_tokens_mean": 399.504,
    "results_number_input_tokens_min": 394,
    "results_number_input_tokens_max": 406,
    "results_number_input_tokens_stddev": 1.9311765547902564,
    "results_number_output_tokens_quantiles_p25": 115.75,
    "results_number_output_tokens_quantiles_p50": 119.0,
    "results_number_output_tokens_quantiles_p75": 122.0,
    "results_number_output_tokens_quantiles_p90": 125.0,
    "results_number_output_tokens_quantiles_p95": 126.0,
    "results_number_output_tokens_quantiles_p99": 129.0,
    "results_number_output_tokens_mean": 118.834,
    "results_number_output_tokens_min": 106,
    "results_number_output_tokens_max": 140,
    "results_number_output_tokens_stddev": 4.879145018568766,
    "results_num_requests_started": 500,
    "results_error_rate": 0.0,
    "results_number_errors": 0,
    "results_error_code_frequency": "{}",
    "results_mean_output_throughput_token_per_s": 153.9972838227693,
    "results_num_completed_requests": 500,
    "results_num_completed_requests_per_min": 77.75415309899657,
    "timestamp": 1714124030
}