{
    "version": "2023-08-31",
    "name": "Cohere-command-r-plus_400_100_summary",
    "model": "Cohere-command-r-plus",
    "mean_input_tokens": 400,
    "stddev_input_tokens": 2,
    "mean_output_tokens": 100,
    "stddev_output_tokens": 2,
    "num_concurrent_requests": 10,
    "results_inter_token_latency_s_quantiles_p25": 0.02025037139742438,
    "results_inter_token_latency_s_quantiles_p50": 0.020851736466654138,
    "results_inter_token_latency_s_quantiles_p75": 0.021685523871865082,
    "results_inter_token_latency_s_quantiles_p90": 0.022548495622797243,
    "results_inter_token_latency_s_quantiles_p95": 0.02743898868332017,
    "results_inter_token_latency_s_quantiles_p99": 0.5147780662049808,
    "results_inter_token_latency_s_mean": 0.03041975552915639,
    "results_inter_token_latency_s_min": 0.01827978428924919,
    "results_inter_token_latency_s_max": 0.5666774234999821,
    "results_inter_token_latency_s_stddev": 0.06669022264944396,
    "results_ttft_s_quantiles_p25": 1.8128906029998575,
    "results_ttft_s_quantiles_p50": 1.8985263595000106,
    "results_ttft_s_quantiles_p75": 1.977892479500099,
    "results_ttft_s_quantiles_p90": 2.0617692285998372,
    "results_ttft_s_quantiles_p95": 2.138953991699918,
    "results_ttft_s_quantiles_p99": 3.7809785767401847,
    "results_ttft_s_mean": 1.9097923562600054,
    "results_ttft_s_min": 0.7571054310001273,
    "results_ttft_s_max": 5.2538155909999205,
    "results_ttft_s_stddev": 0.3857345680619298,
    "results_end_to_end_latency_s_quantiles_p25": 2.277873953500091,
    "results_end_to_end_latency_s_quantiles_p50": 2.3363976704999914,
    "results_end_to_end_latency_s_quantiles_p75": 2.407464098000048,
    "results_end_to_end_latency_s_quantiles_p90": 2.5089848483000194,
    "results_end_to_end_latency_s_quantiles_p95": 2.581393706849974,
    "results_end_to_end_latency_s_quantiles_p99": 4.206279636559979,
    "results_end_to_end_latency_s_mean": 2.374317423506,
    "results_end_to_end_latency_s_min": 0.8893759330001103,
    "results_end_to_end_latency_s_max": 5.602405486999942,
    "results_end_to_end_latency_s_stddev": 0.36645550410798183,
    "results_request_output_throughput_token_per_s_quantiles_p25": 38.659962327375865,
    "results_request_output_throughput_token_per_s_quantiles_p50": 39.885917964202264,
    "results_request_output_throughput_token_per_s_quantiles_p75": 40.85185193272651,
    "results_request_output_throughput_token_per_s_quantiles_p90": 42.01441500303545,
    "results_request_output_throughput_token_per_s_quantiles_p95": 42.9636875739915,
    "results_request_output_throughput_token_per_s_quantiles_p99": 44.71305955385066,
    "results_request_output_throughput_token_per_s_mean": 38.687775821861024,
    "results_request_output_throughput_token_per_s_min": 2.6468161431853785,
    "results_request_output_throughput_token_per_s_max": 45.081350629156255,
    "results_request_output_throughput_token_per_s_stddev": 6.04142312987527,
    "results_number_input_tokens_quantiles_p25": 398.0,
    "results_number_input_tokens_quantiles_p50": 399.0,
    "results_number_input_tokens_quantiles_p75": 401.0,
    "results_number_input_tokens_quantiles_p90": 402.0,
    "results_number_input_tokens_quantiles_p95": 403.0,
    "results_number_input_tokens_quantiles_p99": 404.0,
    "results_number_input_tokens_mean": 399.506,
    "results_number_input_tokens_min": 393,
    "results_number_input_tokens_max": 407,
    "results_number_input_tokens_stddev": 2.112555272545343,
    "results_number_output_tokens_quantiles_p25": 109.0,
    "results_number_output_tokens_quantiles_p50": 112.0,
    "results_number_output_tokens_quantiles_p75": 115.0,
    "results_number_output_tokens_quantiles_p90": 118.0,
    "results_number_output_tokens_quantiles_p95": 120.0,
    "results_number_output_tokens_quantiles_p99": 123.0,
    "results_number_output_tokens_mean": 110.096,
    "results_number_output_tokens_min": 2,
    "results_number_output_tokens_max": 128,
    "results_number_output_tokens_stddev": 15.84844251844707,
    "results_num_requests_started": 500,
    "results_error_rate": 0.0,
    "results_number_errors": 0,
    "results_error_code_frequency": "{}",
    "results_mean_output_throughput_token_per_s": 269.5238067447632,
    "results_num_completed_requests": 500,
    "results_num_completed_requests_per_min": 146.88479513048424,
    "timestamp": 1715318412
}