{
    "version": "2023-08-31",
    "name": "Llama-2-70b-chat_100_400_summary",
    "model": "Llama-2-70b-chat",
    "mean_input_tokens": 100,
    "stddev_input_tokens": 2,
    "mean_output_tokens": 400,
    "stddev_output_tokens": 2,
    "num_concurrent_requests": 10,
    "results_inter_token_latency_s_quantiles_p25": 0.055646517996375815,
    "results_inter_token_latency_s_quantiles_p50": 0.056435569524927245,
    "results_inter_token_latency_s_quantiles_p75": 0.057200183726174664,
    "results_inter_token_latency_s_quantiles_p90": 0.05798718090719125,
    "results_inter_token_latency_s_quantiles_p95": 0.05869241801871577,
    "results_inter_token_latency_s_quantiles_p99": 0.11575586992761887,
    "results_inter_token_latency_s_mean": 0.07018874386677697,
    "results_inter_token_latency_s_min": 0.055260843258065566,
    "results_inter_token_latency_s_max": 1.7753972220000094,
    "results_inter_token_latency_s_stddev": 0.14644851858037727,
    "results_ttft_s_quantiles_p25": 2.5833931995000086,
    "results_ttft_s_quantiles_p50": 3.1023034444999666,
    "results_ttft_s_quantiles_p75": 3.352568069249955,
    "results_ttft_s_quantiles_p90": 3.5004519033000236,
    "results_ttft_s_quantiles_p95": 3.642760910249996,
    "results_ttft_s_quantiles_p99": 3.803053423129951,
    "results_ttft_s_mean": 2.9892736002007867,
    "results_ttft_s_min": 2.104517527999974,
    "results_ttft_s_max": 3.9544634750000114,
    "results_ttft_s_stddev": 0.4428404553984571,
    "results_end_to_end_latency_s_quantiles_p25": 7.275806614749996,
    "results_end_to_end_latency_s_quantiles_p50": 13.206327359000056,
    "results_end_to_end_latency_s_quantiles_p75": 15.361631304999989,
    "results_end_to_end_latency_s_quantiles_p90": 19.501243158300035,
    "results_end_to_end_latency_s_quantiles_p95": 22.405152745349984,
    "results_end_to_end_latency_s_quantiles_p99": 22.873345334550017,
    "results_end_to_end_latency_s_mean": 12.426947515374014,
    "results_end_to_end_latency_s_min": 3.2812166290000278,
    "results_end_to_end_latency_s_max": 22.99115137299998,
    "results_end_to_end_latency_s_stddev": 5.232197953959185,
    "results_request_output_throughput_token_per_s_quantiles_p25": 17.548036028917306,
    "results_request_output_throughput_token_per_s_quantiles_p50": 17.79968057887406,
    "results_request_output_throughput_token_per_s_quantiles_p75": 18.03596090894155,
    "results_request_output_throughput_token_per_s_quantiles_p90": 18.088203564327056,
    "results_request_output_throughput_token_per_s_quantiles_p95": 18.099891195987873,
    "results_request_output_throughput_token_per_s_quantiles_p99": 18.120407691918587,
    "results_request_output_throughput_token_per_s_mean": 17.53772381459789,
    "results_request_output_throughput_token_per_s_min": 0.844861124969729,
    "results_request_output_throughput_token_per_s_max": 18.12462881473015,
    "results_request_output_throughput_token_per_s_stddev": 1.756969758983535,
    "results_number_input_tokens_quantiles_p25": 98.0,
    "results_number_input_tokens_quantiles_p50": 100.0,
    "results_number_input_tokens_quantiles_p75": 101.0,
    "results_number_input_tokens_quantiles_p90": 102.0,
    "results_number_input_tokens_quantiles_p95": 103.0,
    "results_number_input_tokens_quantiles_p99": 104.0,
    "results_number_input_tokens_mean": 99.4251968503937,
    "results_number_input_tokens_min": 94,
    "results_number_input_tokens_max": 104,
    "results_number_input_tokens_stddev": 2.045025527404749,
    "results_number_output_tokens_quantiles_p25": 128.25,
    "results_number_output_tokens_quantiles_p50": 235.0,
    "results_number_output_tokens_quantiles_p75": 273.0,
    "results_number_output_tokens_quantiles_p90": 340.9000000000001,
    "results_number_output_tokens_quantiles_p95": 400.35,
    "results_number_output_tokens_quantiles_p99": 403.0,
    "results_number_output_tokens_mean": 218.33070866141733,
    "results_number_output_tokens_min": 2,
    "results_number_output_tokens_max": 405,
    "results_number_output_tokens_stddev": 94.56629145804663,
    "results_num_requests_started": 260,
    "results_error_rate": 0.023076923076923078,
    "results_number_errors": 6,
    "results_error_code_frequency": "{400.0: 6}",
    "results_mean_output_throughput_token_per_s": 90.6877191274828,
    "results_num_completed_requests": 254,
    "results_num_completed_requests_per_min": 24.922115542102524,
    "timestamp": 1713787143
}